{
  "IcoMoonType": "selection",
  "icons": [
    {
      "icon": {
        "paths": [
          "M0 170.674h1024v682.652h-1024v-682.652z",
          "M0 170.674h1024v227.55h-1024v-227.55z",
          "M0 625.776h1024v227.55h-1024v-227.55z"
        ],
        "attrs": [
          {
            "fill": "rgb(0, 82, 180)"
          },
          {
            "fill": "rgb(216, 0, 39)"
          },
          {
            "fill": "rgb(255, 152, 17)"
          }
        ],
        "isMulticolor": true,
        "isMulticolor2": false,
        "grid": 0,
        "tags": [
          "Flag_of_Armenia"
        ]
      },
      "attrs": [
        {
          "fill": "rgb(0, 82, 180)"
        },
        {
          "fill": "rgb(216, 0, 39)"
        },
        {
          "fill": "rgb(255, 152, 17)"
        }
      ],
      "properties": {
        "order": 52,
        "id": 10,
        "name": "Flag_of_Armenia",
        "prevSize": 32
      },
      "setIdx": 0,
      "setId": 5,
      "iconIdx": 0
    },
    {
      "icon": {
        "paths": [
          "M0 170.674h1024v682.652h-1024v-682.652z",
          "M0 170.674h1024v227.55h-1024v-227.55z",
          "M0 625.776h1024v227.55h-1024v-227.55z",
          "M518.4 595.2c-45.95 0-83.2-37.25-83.2-83.2s37.25-83.2 83.2-83.2c14.328 0 27.808 3.622 39.578 10-18.464-18.054-43.714-29.2-71.578-29.2-56.554 0-102.4 45.846-102.4 102.4s45.846 102.4 102.4 102.4c27.864 0 53.114-11.146 71.578-29.2-11.77 6.378-25.25 10-39.578 10z",
          "M582.4 454.4l11.020 30.994 29.71-14.124-14.124 29.708 30.994 11.022-30.994 11.022 14.124 29.708-29.71-14.124-11.020 30.994-11.020-30.994-29.71 14.124 14.124-29.708-30.994-11.022 30.994-11.022-14.124-29.708 29.71 14.124z"
        ],
        "attrs": [
          {
            "fill": "rgb(216, 0, 39)"
          },
          {
            "fill": "rgb(51, 138, 243)"
          },
          {
            "fill": "rgb(109, 165, 68)"
          },
          {
            "fill": "rgb(240, 240, 240)"
          },
          {
            "fill": "rgb(240, 240, 240)"
          }
        ],
        "isMulticolor": true,
        "isMulticolor2": false,
        "grid": 0,
        "tags": [
          "Flag_of_Azerbaijan"
        ]
      },
      "attrs": [
        {
          "fill": "rgb(216, 0, 39)"
        },
        {
          "fill": "rgb(51, 138, 243)"
        },
        {
          "fill": "rgb(109, 165, 68)"
        },
        {
          "fill": "rgb(240, 240, 240)"
        },
        {
          "fill": "rgb(240, 240, 240)"
        }
      ],
      "properties": {
        "order": 53,
        "id": 9,
        "name": "Flag_of_Azerbaijan",
        "prevSize": 32
      },
      "setIdx": 0,
      "setId": 5,
      "iconIdx": 1
    },
    {
      "icon": {
        "paths": [
          "M1.112 171.046h1022.888v681.91h-1022.888v-681.91z",
          "M0 630.596h1022.888v-459.556h-1022.888z",
          "M200.13 630.596v-459.556h-200.13v681.924h200.13z",
          "M137.128 487.294l-37.062-67.238 37.062-66.182 37.058 66.182z",
          "M63.004 487.294l-37.060-67.238 37.060-66.182 37.062 66.182z",
          "M137.128 670.128l-37.062-67.236 37.062-66.184 37.058 66.184z",
          "M63.004 670.128l-37.060-67.236 37.060-66.184 37.062 66.184z",
          "M137.128 852.964l-37.062-67.238 37.062-66.184 37.058 66.184z",
          "M63.004 852.964l-37.060-67.238 37.060-66.184 37.062 66.184z",
          "M137.128 304.46l-37.062-67.238 37.062-66.186 37.058 66.186z",
          "M63.004 304.46l-37.060-67.238 37.060-66.186 37.062 66.186z"
        ],
        "attrs": [
          {
            "fill": "rgb(109, 165, 68)"
          },
          {
            "fill": "rgb(162, 0, 29)"
          },
          {
            "fill": "rgb(240, 240, 240)"
          },
          {
            "fill": "rgb(162, 0, 29)"
          },
          {
            "fill": "rgb(162, 0, 29)"
          },
          {
            "fill": "rgb(162, 0, 29)"
          },
          {
            "fill": "rgb(162, 0, 29)"
          },
          {
            "fill": "rgb(162, 0, 29)"
          },
          {
            "fill": "rgb(162, 0, 29)"
          },
          {
            "fill": "rgb(162, 0, 29)"
          },
          {
            "fill": "rgb(162, 0, 29)"
          }
        ],
        "isMulticolor": true,
        "isMulticolor2": false,
        "grid": 0,
        "tags": [
          "Flag_of_Belarus"
        ]
      },
      "attrs": [
        {
          "fill": "rgb(109, 165, 68)"
        },
        {
          "fill": "rgb(162, 0, 29)"
        },
        {
          "fill": "rgb(240, 240, 240)"
        },
        {
          "fill": "rgb(162, 0, 29)"
        },
        {
          "fill": "rgb(162, 0, 29)"
        },
        {
          "fill": "rgb(162, 0, 29)"
        },
        {
          "fill": "rgb(162, 0, 29)"
        },
        {
          "fill": "rgb(162, 0, 29)"
        },
        {
          "fill": "rgb(162, 0, 29)"
        },
        {
          "fill": "rgb(162, 0, 29)"
        },
        {
          "fill": "rgb(162, 0, 29)"
        }
      ],
      "properties": {
        "order": 54,
        "id": 8,
        "name": "Flag_of_Belarus",
        "prevSize": 32
      },
      "setIdx": 0,
      "setId": 5,
      "iconIdx": 2
    },
    {
      "icon": {
        "paths": [
          "M0 170.674h1024v682.652h-1024v-682.652z",
          "M0 170.674h1024v227.55h-1024v-227.55z",
          "M0 625.776h1024v227.55h-1024v-227.55z",
          "M640 472.58h-96c0-17.672-14.328-32-32-32s-32 14.328-32 32h-96c0 17.672 15.394 32 33.066 32h-1.066c0 17.672 14.328 32 32 32 0 17.672 14.328 32 32 32h64c17.672 0 32-14.328 32-32 17.672 0 32-14.328 32-32h-1.066c17.672 0 33.066-14.326 33.066-32z"
        ],
        "attrs": [
          {
            "fill": "rgb(240, 240, 240)"
          },
          {
            "fill": "rgb(216, 0, 39)"
          },
          {
            "fill": "rgb(0, 0, 0)"
          },
          {
            "fill": "rgb(255, 152, 17)"
          }
        ],
        "isMulticolor": true,
        "isMulticolor2": false,
        "grid": 0,
        "tags": [
          "Flag_of_Egypt"
        ]
      },
      "attrs": [
        {
          "fill": "rgb(240, 240, 240)"
        },
        {
          "fill": "rgb(216, 0, 39)"
        },
        {
          "fill": "rgb(0, 0, 0)"
        },
        {
          "fill": "rgb(255, 152, 17)"
        }
      ],
      "properties": {
        "order": 55,
        "id": 7,
        "name": "Flag_of_Egypt",
        "prevSize": 32
      },
      "setIdx": 0,
      "setId": 5,
      "iconIdx": 3
    },
    {
      "icon": {
        "paths": [
          "M1006.342 176.552h-988.686c-9.75 0-17.656 7.904-17.656 17.654v635.585c0 9.75 7.906 17.656 17.656 17.656h988.688c9.75 0 17.656-7.906 17.656-17.656v-635.585c-0.002-9.75-7.908-17.654-17.658-17.654z",
          "M119.032 256.893c-1.598-6.766-1.996-9.26 1.040-12.294 1.48-1.48 1.48-3.878 0-5.358s-3.878-1.48-5.358 0c-6.144 6.146-4.678 12.524-3.088 19.278-4.844-1.582-9.868-0.408-12.56 2.988-1.336 1.694-3.92 6.446 0.922 14.034 1.126 1.762 3.454 2.28 5.232 1.164 1.766-1.126 2.28-3.472 1.154-5.232-1.816-2.858-1.87-4.62-1.362-5.264 0.6-0.762 2.46-1.164 4.408-0.474 1.258 0.436 4.182 1.946 4.182 6.506 0 3.642-1.684 6.98-4.62 9.148-2.942 2.176-6.75 2.79-10.42 1.65-4.532-1.384-7.698-6.158-7.698-11.612 0-3.902 0.836-7.846 2.372-11.302 0.244-0.51 6.036-12.508 7.528-16.98 2.95-8.846-0.048-13.294-2.094-15.152-2.738-2.494-6.74-3.116-10.184-1.606-0.524 0.232-0.956 0.568-1.41 0.88-0.454-0.314-0.888-0.648-1.41-0.88-3.442-1.51-7.442-0.888-10.184 1.606-2.046 1.858-5.044 6.308-2.094 15.152 1.492 4.472 7.282 16.47 7.474 16.87 1.586 3.568 2.424 7.512 2.424 11.414 0 5.456-3.164 10.228-7.698 11.612-3.684 1.138-7.48 0.532-10.42-1.65-2.936-2.17-4.62-5.506-4.62-9.148 0-4.56 2.924-6.068 4.182-6.506 1.954-0.688 3.804-0.29 4.408 0.474 0.508 0.644 0.454 2.406-1.362 5.264-1.126 1.762-0.612 4.108 1.154 5.232 1.78 1.126 4.116 0.6 5.232-1.164 4.84-7.588 2.258-12.338 0.922-14.034-2.694-3.396-7.716-4.57-12.56-2.988 1.592-6.75 3.056-13.132-3.088-19.278-1.48-1.48-3.878-1.48-5.358 0s-1.48 3.878 0 5.358c3.034 3.034 2.64 5.528 1.040 12.294-0.96 4.054-2.152 9.11-2.152 15.342 0 4.146 1.458 8.112 3.91 11.37h-0.122c-2.094 0-3.79 1.694-3.79 3.79 0 2.094 1.694 3.79 3.79 3.79h0.122c-2.452 3.258-3.91 7.222-3.91 11.368 0 6.232 1.192 11.288 2.15 15.344 1.598 6.766 1.996 9.26-1.040 12.294-1.48 1.48-1.48 3.878 0 5.358 0.74 0.74 1.71 1.11 2.68 1.11 0.968 0 1.94-0.37 2.68-1.11 6.144-6.146 4.678-12.526 3.088-19.278 4.844 1.576 9.868 0.408 12.56-2.988 1.336-1.694 3.92-6.446-0.922-14.034-1.122-1.762-3.464-2.286-5.232-1.164-1.766 1.126-2.28 3.472-1.154 5.232 1.816 2.858 1.87 4.62 1.362 5.264-0.602 0.754-2.454 1.154-4.408 0.474-1.258-0.436-4.182-1.946-4.182-6.506 0-3.642 1.684-6.98 4.62-9.148 2.942-2.176 6.746-2.798 10.42-1.65 4.532 1.384 7.698 6.158 7.698 11.612 0 3.902-0.836 7.846-2.424 11.414l-24.822 55.842c-2.040 4.588-3.076 9.468-3.076 14.492 0 6.466 2.94 12.37 7.568 15.974-4.626 3.604-7.568 9.508-7.568 15.974 0 5.026 1.038 9.904 3.076 14.492l24.818 55.838c1.586 3.568 2.424 7.512 2.424 11.414 0 5.456-3.164 10.228-7.698 11.612-3.684 1.148-7.48 0.532-10.42-1.65-2.936-2.17-4.62-5.506-4.62-9.148 0-4.56 2.924-6.068 4.182-6.506 1.954-0.682 3.804-0.29 4.408 0.474 0.508 0.644 0.454 2.406-1.362 5.264-1.126 1.762-0.612 4.108 1.154 5.232 1.78 1.126 4.116 0.606 5.232-1.164 4.84-7.588 2.258-12.338 0.922-14.034-2.694-3.396-7.716-4.566-12.56-2.988 1.592-6.75 3.056-13.132-3.088-19.278-1.48-1.48-3.878-1.48-5.358 0s-1.48 3.878 0 5.358c3.034 3.034 2.64 5.528 1.040 12.294-0.958 4.056-2.15 9.112-2.15 15.344 0 4.146 1.458 8.112 3.91 11.37h-0.122c-2.094 0-3.79 1.694-3.79 3.79s1.694 3.79 3.79 3.79h0.122c-2.454 3.258-3.91 7.222-3.91 11.37 0 6.232 1.192 11.288 2.15 15.344 1.598 6.766 1.996 9.26-1.040 12.294-1.48 1.48-1.48 3.878 0 5.358 0.74 0.74 1.71 1.11 2.68 1.11 0.968 0 1.94-0.37 2.68-1.11 6.144-6.146 4.678-12.526 3.088-19.278 4.844 1.576 9.868 0.408 12.56-2.988 1.336-1.694 3.92-6.446-0.922-14.034-1.122-1.762-3.464-2.286-5.232-1.164-1.766 1.126-2.28 3.472-1.154 5.232 1.816 2.858 1.87 4.62 1.362 5.264-0.602 0.762-2.454 1.164-4.408 0.474-1.258-0.436-4.182-1.946-4.182-6.506 0-3.642 1.684-6.98 4.62-9.148 2.942-2.176 6.746-2.798 10.42-1.65 4.532 1.384 7.698 6.158 7.698 11.612 0 3.902-0.836 7.846-2.424 11.414l-24.82 55.848c-2.040 4.588-3.076 9.468-3.076 14.492 0 6.466 2.94 12.37 7.568 15.974-4.626 3.604-7.568 9.508-7.568 15.974 0 5.026 1.038 9.904 3.076 14.492l24.818 55.838c1.586 3.568 2.424 7.512 2.424 11.414 0 5.456-3.164 10.228-7.698 11.612-3.684 1.148-7.48 0.526-10.42-1.65-2.936-2.17-4.62-5.506-4.62-9.148 0-4.56 2.924-6.068 4.182-6.506 1.954-0.682 3.804-0.29 4.408 0.474 0.508 0.644 0.454 2.406-1.362 5.264-1.126 1.762-0.612 4.106 1.154 5.232 1.78 1.126 4.116 0.606 5.232-1.164 4.84-7.588 2.258-12.338 0.922-14.034-2.694-3.406-7.716-4.57-12.56-2.988 1.592-6.75 3.056-13.132-3.088-19.278-1.48-1.48-3.878-1.48-5.358 0s-1.48 3.878 0 5.358c3.034 3.034 2.64 5.528 1.040 12.294-0.958 4.056-2.15 9.11-2.15 15.342 0 5.94 2.846 11.596 7.604 15.16-4.758 3.564-7.604 9.22-7.604 15.16 0 6.232 1.192 11.288 2.15 15.344 1.598 6.764 1.996 9.26-1.040 12.294-1.48 1.48-1.48 3.878 0 5.358 0.74 0.74 1.71 1.11 2.68 1.11 0.968 0 1.94-0.37 2.68-1.11 6.144-6.146 4.678-12.526 3.088-19.278 4.844 1.576 9.868 0.408 12.56-2.988 1.336-1.694 3.92-6.446-0.922-14.034-1.122-1.762-3.464-2.28-5.232-1.164-1.766 1.126-2.28 3.472-1.154 5.232 1.816 2.858 1.87 4.62 1.362 5.264-0.602 0.762-2.454 1.154-4.408 0.474-1.258-0.436-4.182-1.946-4.182-6.506 0-3.642 1.684-6.98 4.62-9.148 2.942-2.176 6.746-2.79 10.42-1.65 4.532 1.384 7.698 6.158 7.698 11.612 0 3.902-0.836 7.846-2.372 11.302-0.244 0.51-6.036 12.508-7.528 16.98-2.95 8.846 0.048 13.294 2.094 15.152 1.75 1.592 4.004 2.428 6.308 2.428 1.306 0 2.63-0.274 3.878-0.82 0.524-0.232 0.956-0.568 1.41-0.88 0.454 0.314 0.888 0.648 1.41 0.88 1.246 0.548 2.572 0.82 3.878 0.82 2.298 0 4.556-0.836 6.308-2.428 2.046-1.858 5.044-6.308 2.094-15.152-1.492-4.472-7.282-16.47-7.474-16.87-1.586-3.568-2.424-7.512-2.424-11.414 0-5.456 3.164-10.23 7.698-11.612 3.686-1.14 7.48-0.526 10.42 1.65 2.936 2.17 4.62 5.506 4.62 9.148 0 4.56-2.924 6.068-4.182 6.506-1.946 0.682-3.81 0.29-4.408-0.474-0.508-0.644-0.454-2.406 1.362-5.264 1.126-1.762 0.612-4.106-1.154-5.232-1.77-1.11-4.104-0.592-5.232 1.164-4.84 7.588-2.258 12.338-0.922 14.034 2.694 3.396 7.716 4.566 12.56 2.988-1.592 6.75-3.056 13.132 3.088 19.278 0.74 0.74 1.71 1.11 2.68 1.11s1.94-0.37 2.68-1.11c1.48-1.48 1.48-3.878 0-5.358-3.034-3.034-2.64-5.528-1.040-12.294 0.958-4.056 2.15-9.112 2.15-15.344 0-5.94-2.846-11.596-7.604-15.16 4.758-3.564 7.604-9.218 7.604-15.16 0-6.232-1.192-11.288-2.15-15.344-1.598-6.764-1.996-9.26 1.040-12.294 1.48-1.48 1.48-3.878 0-5.358s-3.878-1.48-5.358 0c-6.144 6.146-4.678 12.524-3.088 19.278-4.844-1.582-9.868-0.418-12.56 2.988-1.336 1.694-3.92 6.446 0.922 14.034 1.126 1.762 3.454 2.28 5.232 1.164 1.766-1.126 2.28-3.472 1.154-5.232-1.816-2.858-1.87-4.62-1.362-5.264 0.6-0.762 2.46-1.154 4.408-0.474 1.258 0.436 4.182 1.946 4.182 6.506 0 3.642-1.684 6.98-4.62 9.148-2.942 2.176-6.75 2.798-10.42 1.65-4.532-1.384-7.698-6.158-7.698-11.612 0-3.902 0.836-7.846 2.424-11.414l24.818-55.838c2.040-4.588 3.076-9.468 3.076-14.492 0-6.466-2.94-12.37-7.568-15.974 4.626-3.604 7.568-9.508 7.568-15.974 0-5.026-1.038-9.904-3.076-14.492l-24.816-55.834c-1.586-3.568-2.424-7.512-2.424-11.414 0-5.456 3.164-10.228 7.698-11.612 3.686-1.14 7.48-0.526 10.42 1.65 2.936 2.17 4.62 5.506 4.62 9.148 0 4.56-2.924 6.068-4.182 6.506-1.946 0.688-3.81 0.29-4.408-0.474-0.508-0.644-0.454-2.406 1.362-5.264 1.126-1.762 0.612-4.106-1.154-5.232-1.77-1.11-4.104-0.592-5.232 1.164-4.84 7.588-2.258 12.338-0.922 14.034 2.694 3.396 7.716 4.566 12.56 2.988-1.592 6.75-3.056 13.132 3.088 19.278 0.74 0.74 1.71 1.11 2.68 1.11s1.94-0.37 2.68-1.11c1.48-1.48 1.48-3.878 0-5.358-3.034-3.034-2.64-5.528-1.040-12.294 0.958-4.056 2.15-9.112 2.15-15.344 0-4.146-1.458-8.112-3.91-11.37h0.122c2.094 0 3.79-1.694 3.79-3.79 0-2.094-1.694-3.79-3.79-3.79h-0.122c2.454-3.258 3.91-7.22 3.91-11.37 0-6.232-1.192-11.288-2.15-15.344-1.598-6.766-1.996-9.26 1.040-12.294 1.48-1.48 1.48-3.878 0-5.358s-3.878-1.48-5.358 0c-6.144 6.146-4.678 12.526-3.088 19.278-4.844-1.576-9.868-0.408-12.56 2.988-1.336 1.694-3.92 6.446 0.922 14.034 1.126 1.762 3.454 2.274 5.232 1.164 1.766-1.126 2.28-3.472 1.154-5.232-1.816-2.858-1.87-4.62-1.362-5.264 0.6-0.762 2.46-1.154 4.408-0.474 1.258 0.436 4.182 1.946 4.182 6.506 0 3.642-1.684 6.98-4.62 9.148-2.942 2.176-6.75 2.79-10.42 1.65-4.532-1.384-7.698-6.158-7.698-11.612 0-3.902 0.836-7.846 2.424-11.414l24.818-55.838c2.040-4.588 3.076-9.468 3.076-14.492 0-6.466-2.94-12.37-7.568-15.974 4.626-3.604 7.568-9.508 7.568-15.974 0-5.026-1.038-9.904-3.076-14.492l-24.818-55.838c-1.586-3.568-2.424-7.512-2.424-11.414 0-5.456 3.164-10.228 7.698-11.612 3.686-1.14 7.48-0.526 10.42 1.65 2.936 2.17 4.62 5.506 4.62 9.148 0 4.56-2.924 6.068-4.182 6.506-1.946 0.682-3.81 0.28-4.408-0.474-0.508-0.644-0.454-2.406 1.362-5.264 1.126-1.762 0.612-4.108-1.154-5.232-1.77-1.11-4.104-0.6-5.232 1.162-4.84 7.588-2.258 12.338-0.922 14.034 2.694 3.396 7.716 4.566 12.56 2.988-1.592 6.75-3.056 13.132 3.088 19.278 0.74 0.74 1.71 1.11 2.68 1.11s1.94-0.37 2.68-1.11c1.48-1.48 1.48-3.878 0-5.358-3.034-3.034-2.64-5.528-1.040-12.294 0.958-4.056 2.15-9.112 2.15-15.344 0-4.146-1.458-8.112-3.91-11.37h0.122c2.094 0 3.79-1.694 3.79-3.79 0-2.094-1.694-3.79-3.79-3.79h-0.122c2.454-3.258 3.91-7.22 3.91-11.37-0.012-6.242-1.204-11.298-2.16-15.354zM80.572 240.744c-1.346-4.040-0.876-6.342 0.012-7.15 0.58-0.548 1.46-0.526 2.018-0.274 0.684 0.304 0.684 0.786 0.684 1.022 0 2.094 1.694 3.79 3.79 3.79 2.094 0 3.79-1.694 3.79-3.79 0-0.236 0-0.718 0.684-1.022 0.548-0.252 1.422-0.274 2.018 0.274 0.888 0.808 1.358 3.11 0.012 7.15-0.98 2.93-4.526 10.558-6.502 14.698-1.936-4.044-5.52-11.748-6.506-14.698zM87.074 397.113c1.088 1.478 2.318 2.854 3.814 3.974-1.496 1.122-2.726 2.496-3.814 3.974-1.088-1.478-2.318-2.854-3.814-3.974 1.496-1.122 2.726-2.494 3.814-3.974zM87.074 624.497c1.088 1.478 2.318 2.854 3.814 3.974-1.496 1.122-2.726 2.496-3.814 3.974-1.088-1.478-2.318-2.854-3.814-3.974 1.496-1.122 2.726-2.492 3.814-3.974zM93.574 788.816c1.346 4.040 0.876 6.342-0.012 7.15-0.596 0.54-1.47 0.518-2.018 0.274-0.684-0.304-0.684-0.784-0.684-1.022 0-2.094-1.694-3.79-3.79-3.79s-3.79 1.694-3.79 3.79c0 0.236 0 0.718-0.684 1.022-0.556 0.244-1.436 0.268-2.018-0.274-0.888-0.808-1.358-3.11-0.012-7.15 0.98-2.93 4.526-10.558 6.502-14.698 1.936 4.042 5.52 11.748 6.506 14.698zM90.852 742.163c-1.434 1.116-2.706 2.452-3.778 3.962-1.070-1.51-2.344-2.844-3.778-3.962 1.434-1.116 2.706-2.452 3.778-3.962 1.070 1.51 2.342 2.846 3.778 3.962zM111.176 655.857l-24.104 54.232-24.104-54.232c-1.586-3.568-2.424-7.512-2.424-11.414 0-5.456 3.164-10.23 7.698-11.612 3.684-1.14 7.484-0.526 10.42 1.65 2.936 2.17 4.62 5.506 4.62 9.148 0 4.56-2.924 6.068-4.182 6.506-1.954 0.682-3.812 0.29-4.408-0.474-0.508-0.644-0.454-2.406 1.362-5.264 1.126-1.762 0.612-4.108-1.154-5.232-1.77-1.11-4.104-0.592-5.232 1.164-4.84 7.588-2.258 12.338-0.922 14.034 2.744 3.464 7.906 4.656 12.842 2.93 0.562-0.194 1.132-0.436 1.694-0.722v9.584c0-0.002-0.006-0.006-0.006-0.006-0.114-1.996-1.766-3.57-3.782-3.57-2.094 0-3.79 1.694-3.79 3.79 0 2.472 1.728 6.76 7.578 8.088v7.070c0 2.094 1.694 3.79 3.79 3.79s3.79-1.694 3.79-3.79v-7.070c5.85-1.328 7.578-5.616 7.578-8.088 0-2.094-1.69-3.914-3.782-3.914-2.094 0-3.782 1.57-3.782 3.664-0.002 0.006-0.014 0.016-0.016 0.022v-9.566c0.562 0.286 1.132 0.528 1.694 0.722 4.936 1.724 10.096 0.532 12.842-2.93 1.336-1.694 3.92-6.446-0.922-14.034-1.126-1.762-3.464-2.28-5.232-1.164-1.766 1.126-2.28 3.472-1.154 5.232 1.816 2.858 1.87 4.62 1.362 5.264-0.6 0.762-2.458 1.154-4.408 0.474-1.258-0.436-4.182-1.946-4.182-6.506 0-3.642 1.684-6.98 4.62-9.148 2.942-2.176 6.75-2.798 10.42-1.65 4.532 1.384 7.698 6.158 7.698 11.612 0.004 3.898-0.832 7.844-2.422 11.41zM111.176 601.085c1.586 3.568 2.424 7.512 2.424 11.414 0 5.456-3.164 10.228-7.698 11.612-3.678 1.148-7.484 0.526-10.42-1.65-2.936-2.17-4.62-5.506-4.62-9.148 0-4.56 2.924-6.068 4.182-6.506 1.95-0.682 3.81-0.29 4.408 0.474 0.508 0.644 0.454 2.406-1.362 5.264-1.126 1.762-0.612 4.106 1.154 5.232 1.78 1.126 4.116 0.606 5.232-1.164 4.84-7.588 2.258-12.338 0.922-14.034-2.746-3.464-7.906-4.642-12.842-2.93-0.562 0.194-1.132 0.438-1.694 0.722v-9.586l0.006 0.012c0.114 1.99 1.766 3.568 3.782 3.568 2.094 0 3.79-1.694 3.79-3.79 0-2.472-1.728-6.76-7.578-8.088v-7.070c0-2.094-1.694-3.79-3.79-3.79s-3.79 1.694-3.79 3.79v7.070c-5.85 1.328-7.578 5.616-7.578 8.088 0 2.094 1.69 3.914 3.782 3.914 2.094 0 3.782-1.57 3.782-3.664 0.002-0.006 0.014-0.016 0.014-0.016l0.002 9.56c-0.562-0.286-1.132-0.528-1.694-0.722-4.936-1.71-10.098-0.532-12.842 2.93-1.336 1.694-3.92 6.446 0.922 14.034 1.126 1.762 3.464 2.274 5.232 1.164 1.766-1.126 2.28-3.472 1.154-5.232-1.816-2.858-1.87-4.62-1.362-5.264 0.596-0.762 2.454-1.154 4.408-0.474 1.258 0.436 4.182 1.946 4.182 6.506 0 3.642-1.684 6.98-4.62 9.148-2.942 2.176-6.742 2.798-10.42 1.65-4.532-1.384-7.698-6.158-7.698-11.612 0-3.902 0.836-7.846 2.424-11.414l24.104-54.232 24.102 54.234zM90.852 514.781c-1.434 1.116-2.706 2.452-3.778 3.962-1.070-1.51-2.344-2.844-3.778-3.962 1.434-1.116 2.706-2.452 3.778-3.962 1.070 1.508 2.342 2.844 3.778 3.962zM111.176 428.475l-24.104 54.232-24.104-54.232c-1.586-3.568-2.424-7.512-2.424-11.414 0-5.456 3.164-10.228 7.698-11.612 3.684-1.14 7.484-0.526 10.42 1.65 2.936 2.17 4.62 5.506 4.62 9.148 0 4.56-2.924 6.068-4.182 6.506-1.954 0.688-3.812 0.29-4.408-0.474-0.508-0.644-0.454-2.406 1.362-5.264 1.126-1.762 0.612-4.108-1.154-5.232-1.77-1.116-4.104-0.6-5.232 1.164-4.84 7.588-2.258 12.338-0.922 14.034 2.744 3.464 7.906 4.648 12.842 2.93 0.562-0.194 1.132-0.436 1.694-0.722v9.584l-0.006-0.012c-0.114-1.99-1.766-3.568-3.782-3.568-2.094 0-3.79 1.694-3.79 3.79 0 2.472 1.728 6.76 7.578 8.088v7.070c0 2.094 1.694 3.79 3.79 3.79s3.79-1.694 3.79-3.79v-7.070c5.85-1.328 7.578-5.616 7.578-8.088 0-2.094-1.69-3.916-3.782-3.916-2.094 0-3.782 1.57-3.782 3.664-0.002 0.006-0.014 0.016-0.014 0.016l-0.002-9.56c0.562 0.286 1.132 0.528 1.694 0.722 4.936 1.716 10.096 0.532 12.842-2.93 1.336-1.694 3.92-6.446-0.922-14.034-1.126-1.77-3.464-2.286-5.232-1.164-1.766 1.126-2.28 3.472-1.154 5.232 1.816 2.858 1.87 4.62 1.362 5.264-0.6 0.762-2.458 1.164-4.408 0.474-1.258-0.436-4.182-1.946-4.182-6.506 0-3.642 1.684-6.98 4.62-9.148 2.942-2.176 6.75-2.79 10.42-1.65 4.532 1.384 7.698 6.158 7.698 11.612 0.004 3.904-0.832 7.848-2.422 11.416zM111.176 373.701c1.586 3.568 2.424 7.512 2.424 11.414 0 5.456-3.164 10.228-7.698 11.612-3.678 1.148-7.484 0.526-10.42-1.65-2.936-2.17-4.62-5.506-4.62-9.148 0-4.56 2.924-6.068 4.182-6.506 1.95-0.682 3.81-0.29 4.408 0.474 0.508 0.644 0.454 2.406-1.362 5.264-1.126 1.762-0.612 4.106 1.154 5.232 1.78 1.116 4.116 0.606 5.232-1.164 4.84-7.588 2.258-12.338 0.922-14.034-2.746-3.464-7.906-4.648-12.842-2.93-0.562 0.194-1.132 0.436-1.694 0.722v-9.584c0 0.002 0.006 0.006 0.006 0.006 0.114 1.996 1.766 3.57 3.782 3.57 2.094 0 3.79-1.694 3.79-3.79 0-2.472-1.728-6.76-7.578-8.088v-7.070c0-2.094-1.694-3.79-3.79-3.79s-3.79 1.694-3.79 3.79v7.070c-5.85 1.328-7.578 5.616-7.578 8.088 0 2.094 1.69 3.916 3.782 3.916 2.094 0 3.782-1.57 3.782-3.664 0.002-0.006 0.014-0.016 0.016-0.022v9.566c-0.562-0.286-1.132-0.528-1.694-0.722-4.936-1.716-10.098-0.532-12.842 2.93-1.336 1.694-3.92 6.446 0.922 14.034 1.126 1.762 3.464 2.274 5.232 1.164 1.766-1.126 2.28-3.472 1.154-5.232-1.816-2.858-1.87-4.62-1.362-5.264 0.596-0.762 2.454-1.154 4.408-0.474 1.258 0.436 4.182 1.946 4.182 6.506 0 3.642-1.684 6.98-4.62 9.148-2.942 2.176-6.742 2.798-10.42 1.65-4.532-1.384-7.698-6.158-7.698-11.612 0-3.902 0.836-7.846 2.424-11.414l24.104-54.232 24.102 54.234zM83.294 287.397c1.434-1.116 2.706-2.452 3.778-3.962 1.070 1.51 2.344 2.844 3.778 3.962-1.434 1.116-2.706 2.452-3.778 3.962-1.070-1.51-2.342-2.846-3.778-3.962z",
          "M632.691 470.059c0 50.375-40.837 91.212-91.212 91.212s-91.212-40.837-91.212-91.212c0-50.375 40.837-91.212 91.212-91.212s91.212 40.837 91.212 91.212z",
          "M548.333 353.765c0 3.778-3.064 6.842-6.842 6.842s-6.842-3.064-6.842-6.842 6.842-20.524 6.842-20.524 6.842 16.746 6.842 20.524z",
          "M534.651 586.371c0-3.778 3.064-6.842 6.842-6.842s6.842 3.064 6.842 6.842-6.842 20.524-6.842 20.524-6.842-16.744-6.842-20.524z",
          "M657.795 476.909c-3.778 0-6.842-3.064-6.842-6.842s3.064-6.842 6.842-6.842c3.778 0 20.524 6.842 20.524 6.842s-16.746 6.842-20.524 6.842z",
          "M425.189 463.227c3.778 0 6.842 3.064 6.842 6.842s-3.064 6.842-6.842 6.842-20.524-6.842-20.524-6.842 16.746-6.842 20.524-6.842z",
          "M628.569 392.667c-2.672 2.672-7.002 2.672-9.676 0s-2.672-7.002 0-9.676 19.35-9.676 19.35-9.676-7 16.68-9.674 19.352z",
          "M454.417 547.469c2.672-2.672 7.002-2.672 9.676 0s2.672 7.002 0 9.676-19.35 9.674-19.35 9.674 7.002-16.676 9.674-19.35z",
          "M618.895 557.145c-2.672-2.672-2.672-7.002 0-9.676s7.002-2.672 9.676 0 9.676 19.35 9.676 19.35-16.68-7.004-19.352-9.674z",
          "M464.091 382.991c2.672 2.672 2.672 7.002 0 9.676s-7.002 2.672-9.676 0-9.676-19.35-9.676-19.35 16.68 7.004 19.352 9.674z",
          "M503.307 359.999c1.446 3.492-0.212 7.492-3.704 8.938s-7.492-0.212-8.938-3.704c-1.446-3.492-1.534-21.58-1.534-21.58s12.73 12.854 14.176 16.346z",
          "M579.681 580.137c-1.446-3.492 0.212-7.492 3.704-8.938s7.492 0.212 8.938 3.704 1.534 21.58 1.534 21.58-12.732-12.854-14.176-16.346z",
          "M651.561 431.883c-3.492 1.446-7.492-0.212-8.938-3.704s0.212-7.492 3.704-8.938c3.492-1.446 21.578-1.534 21.578-1.534s-12.852 12.728-16.344 14.176z",
          "M431.425 508.253c3.492-1.446 7.492 0.212 8.938 3.704s-0.212 7.492-3.704 8.938-21.58 1.534-21.58 1.534 12.854-12.728 16.346-14.176z",
          "M592.321 365.235c-1.446 3.492-5.448 5.148-8.938 3.704-3.492-1.446-5.148-5.448-3.704-8.938 1.446-3.49 14.174-16.344 14.174-16.344s-0.086 18.088-1.532 21.578z",
          "M490.665 574.901c1.446-3.492 5.448-5.148 8.938-3.704 3.492 1.446 5.148 5.448 3.704 8.938-1.446 3.492-14.174 16.344-14.174 16.344s0.086-18.086 1.532-21.578z",
          "M646.327 520.895c-3.492-1.446-5.148-5.448-3.704-8.938 1.446-3.492 5.448-5.148 8.938-3.704s16.344 14.174 16.344 14.174-18.090-0.084-21.578-1.532z",
          "M436.659 419.241c3.492 1.446 5.148 5.448 3.704 8.938-1.446 3.49-5.448 5.148-8.938 3.704-3.49-1.446-16.344-14.174-16.344-14.174s18.090 0.084 21.578 1.532z",
          "M525.515 354.665c0.738 3.706-1.668 7.308-5.376 8.044-3.706 0.738-7.308-1.668-8.044-5.376-0.738-3.706 2.706-21.464 2.706-21.464s9.976 15.090 10.714 18.796z",
          "M557.473 585.471c-0.738-3.706 1.668-7.308 5.376-8.044 3.708-0.738 7.308 1.668 8.044 5.376 0.738 3.706-2.706 21.464-2.706 21.464s-9.978-15.090-10.714-18.796z",
          "M656.897 454.087c-3.706 0.738-7.308-1.668-8.044-5.376-0.738-3.708 1.668-7.308 5.376-8.044 3.706-0.738 21.464 2.706 21.464 2.706s-15.090 9.978-18.796 10.714z",
          "M426.089 486.049c3.706-0.738 7.308 1.668 8.044 5.376 0.738 3.708-1.668 7.308-5.376 8.044-3.706 0.738-21.464-2.706-21.464-2.706s15.090-9.978 18.796-10.714z",
          "M611.797 377.167c-2.098 3.142-6.348 3.986-9.49 1.886s-3.986-6.348-1.886-9.49c2.098-3.142 17.090-13.264 17.090-13.264s-3.616 17.724-5.714 20.868z",
          "M471.189 562.969c2.098-3.142 6.348-3.986 9.49-1.886 3.142 2.098 3.986 6.348 1.886 9.49-2.098 3.142-17.090 13.264-17.090 13.264s3.616-17.724 5.714-20.868z",
          "M634.395 540.371c-3.142-2.098-3.986-6.348-1.886-9.49s6.348-3.986 9.49-1.886c3.142 2.098 13.264 17.090 13.264 17.090s-17.726-3.616-20.868-5.714z",
          "M448.591 399.765c3.142 2.098 3.986 6.348 1.886 9.49-2.098 3.142-6.348 3.986-9.49 1.886s-13.264-17.090-13.264-17.090 17.728 3.616 20.868 5.714z",
          "M482.565 369.563c2.098 3.142 1.254 7.39-1.886 9.49s-7.39 1.254-9.49-1.886c-2.098-3.142-5.714-20.866-5.714-20.866s14.992 10.122 17.090 13.262z",
          "M600.419 570.573c-2.098-3.142-1.254-7.39 1.886-9.49 3.14-2.098 7.39-1.254 9.49 1.886 2.098 3.142 5.714 20.866 5.714 20.866s-14.99-10.122-17.090-13.262z",
          "M641.997 411.141c-3.142 2.098-7.39 1.254-9.49-1.886-2.098-3.142-1.254-7.39 1.886-9.49 3.142-2.098 20.866-5.714 20.866-5.714s-10.12 14.992-13.262 17.090z",
          "M440.989 528.995c3.142-2.098 7.39-1.254 9.49 1.886 2.098 3.142 1.254 7.39-1.886 9.49-3.142 2.098-20.866 5.714-20.866 5.714s10.12-14.992 13.262-17.090z",
          "M570.893 357.333c-0.738 3.706-4.338 6.114-8.044 5.376s-6.114-4.338-5.376-8.044 10.714-18.796 10.714-18.796 3.442 17.758 2.706 21.464z",
          "M512.093 582.803c0.738-3.706 4.338-6.114 8.044-5.376s6.114 4.338 5.376 8.044c-0.738 3.706-10.714 18.796-10.714 18.796s-3.442-17.758-2.706-21.464z",
          "M654.227 499.469c-3.706-0.738-6.114-4.338-5.376-8.044s4.338-6.114 8.044-5.376 18.796 10.714 18.796 10.714-17.758 3.442-21.464 2.706z",
          "M428.759 440.667c3.706 0.738 6.114 4.338 5.376 8.044s-4.338 6.114-8.044 5.376-18.796-10.714-18.796-10.714 17.758-3.442 21.464-2.706z",
          "M756.053 494.067c-2.672-1.124-5.726 0.164-6.84 2.82 0 0.012 0 0.012 0 0.012-0.020 0.050-0.124 0.296-0.302 0.716-3.954 9.236-12.134 22.734-20.394 35.432 7.694-24.766 14.728-51.218 15.218-53.078 0.734-2.778-0.91-5.63-3.684-6.384-2.778-0.746-5.634 0.87-6.412 3.636-3.59 12.864-10.932 29.794-17.706 44.126 1.242-15.98 1.476-30.784 1.492-31.856 0.042-2.83-2.176-5.17-5.006-5.304-2.662 0.082-5.23 2.024-5.44 4.852-6.698 92.136-95.356 133.352-103.988 137.144-4.516 0.45-25.554 2.82-44.648 9.45-2.164 0.752-4.008 1.506-5.844 2.254-0.682-0.256-1.414-0.4-2.184-0.354-58.604 4.24-105.332-19.8-138.916-71.304-25.374-38.916-33.332-79.764-33.41-80.172-0.536-2.84-3.256-4.67-6.108-4.168-2.84 0.54-4.706 3.268-4.168 6.108 0.212 1.128 3.704 18.958 13.32 42.424-12.866-20.31-21.832-44.914-24.988-57.728-0.064-0.256-0.228-0.45-0.324-0.686-0.148-0.362-0.272-0.726-0.49-1.040-0.154-0.222-0.356-0.384-0.538-0.578-0.286-0.302-0.56-0.598-0.91-0.824-0.2-0.13-0.424-0.194-0.642-0.296-0.386-0.18-0.764-0.358-1.194-0.44-0.298-0.058-0.602-0.020-0.912-0.026-0.314-0.004-0.61-0.084-0.932-0.028-0.070 0.012-0.124 0.060-0.194 0.076-0.068 0.014-0.132-0.008-0.2 0.006-0.28 0.068-0.494 0.244-0.75 0.354-0.326 0.142-0.66 0.248-0.946 0.446-0.282 0.194-0.492 0.446-0.726 0.688-0.234 0.24-0.478 0.452-0.662 0.73-0.186 0.282-0.286 0.6-0.418 0.914-0.126 0.306-0.272 0.594-0.338 0.924-0.068 0.338-0.038 0.686-0.036 1.040 0 0.282-0.078 0.552-0.028 0.84 0.020 0.124 0.060 0.248 0.082 0.368v0.020c0.006 0.022 0.014 0.052 0.020 0.076 3.236 19.066 10.948 38.83 17.922 53.902-11.074-12.566-20.328-27.044-23.608-35.618-0.094-0.25-0.284-0.424-0.412-0.648-0.194-0.346-0.364-0.7-0.626-0.986-0.186-0.204-0.412-0.336-0.624-0.506-0.318-0.256-0.62-0.514-0.988-0.69-0.236-0.112-0.492-0.148-0.742-0.226-0.386-0.116-0.76-0.244-1.17-0.27-0.322-0.022-0.642 0.060-0.968 0.102-0.302 0.038-0.6 0-0.9 0.094-0.058 0.018-0.098 0.064-0.152 0.084-0.056 0.018-0.112 0.006-0.168 0.028-0.284 0.108-0.486 0.318-0.74 0.468-0.298 0.176-0.616 0.322-0.87 0.55-0.26 0.234-0.44 0.524-0.644 0.802-0.194 0.262-0.41 0.496-0.554 0.788-0.15 0.306-0.206 0.638-0.292 0.968-0.086 0.322-0.2 0.622-0.222 0.96-0.024 0.338 0.060 0.676 0.104 1.018 0.038 0.296-0.002 0.59 0.090 0.882 5.692 18.36 19.38 40.204 30.104 55.592-8.936-6.886-15.504-14.334-17.41-16.582-0.206-0.244-0.408-0.49-0.614-0.734-1.844-2.218-5.102-2.534-7.336-0.726-2.226 1.818-2.576 5.090-0.776 7.324 0.098 0.124 0.49 0.614 1.146 1.38 7.848 9.338 16.398 18.052 24.144 25.41l-10.596-4.516c-2.416-1.042-5.256-0.102-6.578 2.196-1.324 2.3-0.726 5.21 1.394 6.804 1.032 0.766 19.796 14.784 36.040 23.070-1.532 0.092-3.33-0.020-5.342-0.174-2.456-0.236-4.872 1.522-5.47 4.014-0.588 2.502 0.72 5.058 3.096 6.038 0.4 0.164 5.35 2.206 11.462 4.382-1.426 0.582-2.56 1.778-3.030 3.33-0.704 2.32 0.286 4.834 2.39 6.038 0.548 0.318 7.942 4.558 17.092 8.316-0.244 0.378-0.444 0.786-0.594 1.236-0.716 2.196 0.102 4.608 2.008 5.926 1.588 1.092 37.118 25.204 78.614 25.204 2.724 0 5.476-0.102 8.244-0.326 2.876-0.226 5.028-2.748 4.798-5.63s-2.728-5.058-5.634-4.792c-26.068 2.126-51.182-7.662-66.118-15.142 1.972-0.482 3.106-0.92 3.388-1.032 2.304-0.94 3.632-3.362 3.182-5.804-0.45-2.44-2.554-4.23-5.042-4.282-6.064-0.124-14.462-3.076-21.696-6.244 2.732-1.368 4.328-2.678 4.468-2.79 1.574-1.318 2.238-3.422 1.702-5.404-0.54-1.972-2.188-3.454-4.208-3.78-2.222-0.368-4.992-1.084-7.892-1.962 2.82-1.624 4.020-3.412 4.48-4.322 0.726-1.45 0.742-3.148 0.046-4.608-0.7-1.46-2.032-2.514-3.618-2.852-1.368-0.296-2.918-0.796-4.592-1.45 0.306-0.306 0.588-0.654 0.816-1.052 1.332-2.258 0.782-5.16-1.286-6.784-0.108-0.082-4.168-3.268-10.316-8.572 0.976-0.358 1.838-1.022 2.462-1.92 1.318-1.9 1.228-4.444-0.22-6.244-0.116-0.144-4.182-5.256-9.786-13.020 1.85 1.436 3.698 2.904 5.546 4.092 0.87 0.552 1.854 0.828 2.83 0.828 1.324 0 2.63-0.5 3.636-1.472 0.414-0.4 0.738-0.86 0.994-1.35 3.174 3.39 6.508 6.468 10.010 9.094 0.456 0.342 1.010 0.336 1.522 0.508 1.484 2.488 3.028 4.98 4.648 7.472 31.766 48.876 76.556 75.056 130.276 76.628-4.946 3.004-10.316 6.108-18.818 9.42-1.856 0.724-3.496 1.448-5.144 2.174-0.796 0.156-1.542 0.444-2.164 0.938-14.84 6.87-20.984 13.658-23.476 18.406-2.488 4.72-0.342 9.562 2.696 12.076 0.944 0.776 2.146 1.174 3.35 1.174 0.828 0 1.656-0.184 2.406-0.562 1.85-0.92 3.086-2.872 3.004-4.924 0.214-0.234 1.124-0.99 3.974-1.084 2.078-0.174 6.452 0.296 11.556 0.704 4.856 0.4 10.68 0.854 16.872 1.172-3.874 4.516-8.376 9.75-8.376 9.75-1.352 1.574-1.65 3.8-0.75 5.67 0.904 1.88 2.852 3.046 4.894 2.972 4.134-0.144 6.942-0.226 8.786-0.264 1.608 2.106 3.582 2.942 4.854 3.268 3.598 0.92 7.184-0.52 9.884-2.226 2.044 1.472 4.088 2.094 5.708 2.33 3.652 0.5 7.034-0.562 9.48-1.768 2.534 1.636 5.016 2.054 6.908 2.054 0.026 0 0.056 0 0.086 0 4.082-0.020 7.654-1.992 10.18-3.924 2.234 1.328 4.368 1.756 6.018 1.83 3.746 0.132 6.85-1.308 8.914-2.658 7.372 1.48 13.726-1.992 17.926-5.824 1.916 1.114 3.738 1.39 5.19 1.318 3.734-0.132 6.578-2.402 8.404-4.434 8.358 1.010 14.356-0.532 17.822-4.648 1.89-2.238 2.658-4.76 2.866-7.060 23.188-0.132 25.286-12.792 25.456-14.356 0.152-1.422-0.28-2.84-1.204-3.932-0.92-1.092-2.254-1.768-3.678-1.85l-60.792-3.656c-2.544-0.184-4.814 1.522-5.404 4.006-0.012 0.040-1.048 3.902-4.29 6.99-4.364 4.166-11.39 6.366-19.032 7.532 0.028-0.7-0.070-1.412-0.338-2.108-1.042-2.696-4.076-4.006-6.764-2.992-12.55 4.87-32.87 4.258-48.766 3.152 2.438-1.992 5.374-3.966 7.72-5.254 1.982-1.092 3.046-3.33 2.626-5.556-0.304-1.618-1.474-2.744-2.886-3.468 4.42-2.232 8.044-4.388 11.482-6.484 5.968-3.656 11.606-7.102 21.874-10.666 19.82-6.886 42.758-8.98 42.988-9.002 0.52-0.042 1.032-0.174 1.516-0.368 0.816-0.338 65.516-27.442 95.998-89.982-0.4 1.89-0.828 3.618-1.294 5.128-0.796 2.576 0.49 5.324 2.972 6.364 1.92 0.808 4.102 0.388 5.58-0.98-1.926 5.078-3.668 9.072-5.090 11.432-1.45 2.402-0.75 5.518 1.584 7.070 0.548 0.358 1.134 0.602 1.736 0.746-2.36 3.454-4.752 6.722-7.138 9.716-1.588 1.992-1.496 4.834 0.164 6.714-4.096 4.29-7.728 7.826-10.488 10.074-1.802 1.46-2.39 3.902-1.562 5.988-2.662 1.522-4.848 2.596-6.364 3.054-2.544 0.766-4.106 3.33-3.626 5.946 0.25 1.38 1.026 2.544 2.098 3.31-3.198 0.858-6.698 1.686-10.498 2.44-2.14 0.428-3.792 2.136-4.142 4.29-0.346 2.156 0.676 4.302 2.568 5.384 0.164 0.092 1.95 1.104 4.686 2.268-10.12 4.076-28.188 9.4-57.838 12.322-2.872 0.286-4.976 2.852-4.69 5.722 0.28 2.872 2.764 4.864 5.722 4.7 56.284-5.568 73.664-19.656 74.374-20.26 1.624-1.36 2.268-3.576 1.624-5.598-0.428-1.338-1.368-2.42-2.576-3.046 17.982-5.66 25.702-11.924 26.106-12.26 1.972-1.636 2.468-4.464 1.17-6.682-1.308-2.218-4.030-3.178-6.406-2.218-0.668 0.256-1.736 0.52-3.086 0.786 12.068-8.264 24.878-18.106 30.512-22.498 0.99-0.734 1.89-1.442 2.682-2.106 2.188-1.838 2.494-5.090 0.688-7.304-1.792-2.206-5.058-2.576-7.296-0.808-0.816 0.644-1.666 1.308-2.544 1.992-2.6 1.932-5.926 4.118-9.554 6.364 13.696-15.55 27.484-32.408 31.422-37.25 0.358-0.44 0.71-0.878 1.068-1.318 1.808-2.248 1.456-5.538-0.792-7.346-2.254-1.838-5.548-1.46-7.352 0.776l-0.012 0.012-0.004 0.012c-0.098 0.112-0.54 0.664-1.286 1.584-4.126 5.036-8.47 9.912-12.756 14.466 13.952-25.286 24.516-50.176 26.064-53.864 0.056-0.132 0.108-0.264 0.164-0.4 1.108-2.646-0.152-5.712-2.82-6.816zM510.873 670.401l1.428 0.186c-1.752 1.638-3.178 3.474-4.31 5.37-2.484-0.2-4.738-0.376-6.504-0.454 2.434-1.59 5.566-3.316 9.386-5.102z"
        ],
        "attrs": [
          {
            "fill": "rgb(130, 195, 210)"
          },
          {
            "fill": "rgb(255, 225, 90)"
          },
          {
            "fill": "rgb(255, 225, 90)"
          },
          {
            "fill": "rgb(255, 225, 90)"
          },
          {
            "fill": "rgb(255, 225, 90)"
          },
          {
            "fill": "rgb(255, 225, 90)"
          },
          {
            "fill": "rgb(255, 225, 90)"
          },
          {
            "fill": "rgb(255, 225, 90)"
          },
          {
            "fill": "rgb(255, 225, 90)"
          },
          {
            "fill": "rgb(255, 225, 90)"
          },
          {
            "fill": "rgb(255, 225, 90)"
          },
          {
            "fill": "rgb(255, 225, 90)"
          },
          {
            "fill": "rgb(255, 225, 90)"
          },
          {
            "fill": "rgb(255, 225, 90)"
          },
          {
            "fill": "rgb(255, 225, 90)"
          },
          {
            "fill": "rgb(255, 225, 90)"
          },
          {
            "fill": "rgb(255, 225, 90)"
          },
          {
            "fill": "rgb(255, 225, 90)"
          },
          {
            "fill": "rgb(255, 225, 90)"
          },
          {
            "fill": "rgb(255, 225, 90)"
          },
          {
            "fill": "rgb(255, 225, 90)"
          },
          {
            "fill": "rgb(255, 225, 90)"
          },
          {
            "fill": "rgb(255, 225, 90)"
          },
          {
            "fill": "rgb(255, 225, 90)"
          },
          {
            "fill": "rgb(255, 225, 90)"
          },
          {
            "fill": "rgb(255, 225, 90)"
          },
          {
            "fill": "rgb(255, 225, 90)"
          },
          {
            "fill": "rgb(255, 225, 90)"
          },
          {
            "fill": "rgb(255, 225, 90)"
          },
          {
            "fill": "rgb(255, 225, 90)"
          },
          {
            "fill": "rgb(255, 225, 90)"
          },
          {
            "fill": "rgb(255, 225, 90)"
          },
          {
            "fill": "rgb(255, 225, 90)"
          },
          {
            "fill": "rgb(255, 225, 90)"
          },
          {
            "fill": "rgb(255, 225, 90)"
          },
          {
            "fill": "rgb(255, 225, 90)"
          }
        ],
        "isMulticolor": true,
        "isMulticolor2": false,
        "grid": 0,
        "tags": [
          "Flag_of_Kazakhstan"
        ]
      },
      "attrs": [
        {
          "fill": "rgb(130, 195, 210)"
        },
        {
          "fill": "rgb(255, 225, 90)"
        },
        {
          "fill": "rgb(255, 225, 90)"
        },
        {
          "fill": "rgb(255, 225, 90)"
        },
        {
          "fill": "rgb(255, 225, 90)"
        },
        {
          "fill": "rgb(255, 225, 90)"
        },
        {
          "fill": "rgb(255, 225, 90)"
        },
        {
          "fill": "rgb(255, 225, 90)"
        },
        {
          "fill": "rgb(255, 225, 90)"
        },
        {
          "fill": "rgb(255, 225, 90)"
        },
        {
          "fill": "rgb(255, 225, 90)"
        },
        {
          "fill": "rgb(255, 225, 90)"
        },
        {
          "fill": "rgb(255, 225, 90)"
        },
        {
          "fill": "rgb(255, 225, 90)"
        },
        {
          "fill": "rgb(255, 225, 90)"
        },
        {
          "fill": "rgb(255, 225, 90)"
        },
        {
          "fill": "rgb(255, 225, 90)"
        },
        {
          "fill": "rgb(255, 225, 90)"
        },
        {
          "fill": "rgb(255, 225, 90)"
        },
        {
          "fill": "rgb(255, 225, 90)"
        },
        {
          "fill": "rgb(255, 225, 90)"
        },
        {
          "fill": "rgb(255, 225, 90)"
        },
        {
          "fill": "rgb(255, 225, 90)"
        },
        {
          "fill": "rgb(255, 225, 90)"
        },
        {
          "fill": "rgb(255, 225, 90)"
        },
        {
          "fill": "rgb(255, 225, 90)"
        },
        {
          "fill": "rgb(255, 225, 90)"
        },
        {
          "fill": "rgb(255, 225, 90)"
        },
        {
          "fill": "rgb(255, 225, 90)"
        },
        {
          "fill": "rgb(255, 225, 90)"
        },
        {
          "fill": "rgb(255, 225, 90)"
        },
        {
          "fill": "rgb(255, 225, 90)"
        },
        {
          "fill": "rgb(255, 225, 90)"
        },
        {
          "fill": "rgb(255, 225, 90)"
        },
        {
          "fill": "rgb(255, 225, 90)"
        },
        {
          "fill": "rgb(255, 225, 90)"
        }
      ],
      "properties": {
        "order": 56,
        "id": 6,
        "name": "Flag_of_Kazakhstan",
        "prevSize": 32
      },
      "setIdx": 0,
      "setId": 5,
      "iconIdx": 4
    },
    {
      "icon": {
        "paths": [
          "M0 170.66v682.664h1024v-682.664z",
          "M0 170.666h1024v682.674h-1024v-682.674z",
          "M0 170.666h1024v227.55h-1024v-227.55z",
          "M0 625.768h1024v227.55h-1024v-227.55z"
        ],
        "attrs": [
          {
            "fill": "rgb(240, 240, 240)"
          },
          {
            "fill": "rgb(0, 82, 180)"
          },
          {
            "fill": "rgb(240, 240, 240)"
          },
          {
            "fill": "rgb(216, 0, 39)"
          }
        ],
        "isMulticolor": true,
        "isMulticolor2": false,
        "grid": 0,
        "tags": [
          "Flag_of_Russia"
        ]
      },
      "attrs": [
        {
          "fill": "rgb(240, 240, 240)"
        },
        {
          "fill": "rgb(0, 82, 180)"
        },
        {
          "fill": "rgb(240, 240, 240)"
        },
        {
          "fill": "rgb(216, 0, 39)"
        }
      ],
      "properties": {
        "order": 57,
        "id": 5,
        "name": "Flag_of_Russia",
        "prevSize": 32
      },
      "setIdx": 0,
      "setId": 5,
      "iconIdx": 5
    },
    {
      "icon": {
        "paths": [
          "M0 170.662h1024v682.674h-1024v-682.674z",
          "M367.096 578.772c0 24.59 19.462 44.522 43.472 44.522h130.416c0 20.488 16.22 37.102 36.228 37.102h43.472c20.008 0 36.228-16.612 36.228-37.102v-44.522h-289.816z",
          "M660.528 363.582v103.884c0 16.366-13 29.68-28.982 29.68v44.522c39.952 0 72.452-33.286 72.452-74.202v-103.884h-43.47z",
          "M348.982 467.468c0 16.366-13 29.68-28.982 29.68v44.522c39.952 0 72.452-33.286 72.452-74.202v-103.884h-43.472v103.884z",
          "M595.322 363.576h43.472v103.884h-43.472v-103.884z",
          "M530.114 422.946c0 4.092-3.25 7.42-7.246 7.42s-7.246-3.328-7.246-7.42v-59.364h-43.472v59.364c0 4.092-3.25 7.42-7.246 7.42s-7.246-3.328-7.246-7.42v-59.364h-43.472v59.364c0 28.64 22.752 51.942 50.716 51.942 10.77 0 20.76-3.466 28.982-9.354 8.22 5.888 18.212 9.354 28.982 9.354 2.168 0 4.3-0.156 6.4-0.43-3.080 12.998-14.51 22.69-28.136 22.69v44.522c39.952 0 72.452-33.286 72.452-74.202v-103.886h-43.472l0.004 59.364z",
          "M414.186 497.14h65.202v44.522h-65.202v-44.522z"
        ],
        "attrs": [
          {
            "fill": "rgb(109, 165, 68)"
          },
          {
            "fill": "rgb(240, 240, 240)"
          },
          {
            "fill": "rgb(240, 240, 240)"
          },
          {
            "fill": "rgb(240, 240, 240)"
          },
          {
            "fill": "rgb(240, 240, 240)"
          },
          {
            "fill": "rgb(240, 240, 240)"
          },
          {
            "fill": "rgb(240, 240, 240)"
          }
        ],
        "isMulticolor": true,
        "isMulticolor2": false,
        "grid": 0,
        "tags": [
          "Flag_of_Saudi_Arabia"
        ]
      },
      "attrs": [
        {
          "fill": "rgb(109, 165, 68)"
        },
        {
          "fill": "rgb(240, 240, 240)"
        },
        {
          "fill": "rgb(240, 240, 240)"
        },
        {
          "fill": "rgb(240, 240, 240)"
        },
        {
          "fill": "rgb(240, 240, 240)"
        },
        {
          "fill": "rgb(240, 240, 240)"
        },
        {
          "fill": "rgb(240, 240, 240)"
        }
      ],
      "properties": {
        "order": 58,
        "id": 4,
        "name": "Flag_of_Saudi_Arabia",
        "prevSize": 32
      },
      "setIdx": 0,
      "setId": 5,
      "iconIdx": 6
    },
    {
      "icon": {
        "paths": [
          "M1024 828.432c0 11.858-9.702 21.558-21.556 21.558h-980.886c-11.858-0.002-21.558-9.702-21.558-21.558v-632.864c0-11.856 9.7-21.558 21.558-21.558h980.886c11.856 0 21.556 9.702 21.556 21.558v632.864z",
          "M1002.444 174.012h-583.7v65.016h605.256v-43.46c0-11.856-9.704-21.556-21.556-21.556z",
          "M418.742 418.396v40.566c0 13.448-10.934 24.45-24.3 24.45h629.558v-65.014l-605.258-0.002z",
          "M0 540.588h1024v65.014h-1024v-65.014z",
          "M0 540.588h65.752v65.014h-65.752v-65.014z",
          "M0 662.778h1024v65.014h-1024v-65.014z",
          "M1024 828.432v-43.458h-1024v43.458c0 11.858 9.7 21.558 21.558 21.558h980.886c11.852-0.002 21.556-9.702 21.556-21.558z",
          "M418.732 296.208h605.246v65.014h-605.246v-65.014z",
          "M21.558 174.012c-11.858 0-21.558 9.7-21.558 21.556v287.842h417.432c13.366 0 24.3-11.002 24.3-24.45v-284.948h-420.174z",
          "M89.464 174.012h-67.906c-11.858 0-21.558 9.7-21.558 21.556v287.842h67.908v-287.842c0-11.856 9.7-21.556 21.556-21.556z",
          "M95.43 260.172c-0.486 0-0.982-0.114-1.436-0.362l-5.876-3.166-5.878 3.166c-0.452 0.246-0.944 0.362-1.434 0.362-0.64 0-1.278-0.2-1.818-0.602-0.948-0.706-1.426-1.904-1.224-3.088l1.12-6.71-4.754-4.746c-0.84-0.842-1.144-2.098-0.78-3.242 0.362-1.146 1.328-1.98 2.494-2.152l6.568-0.978 2.942-6.102c0.52-1.080 1.592-1.764 2.766-1.764s2.248 0.684 2.766 1.764l2.94 6.102 6.57 0.978c1.164 0.174 2.128 1.006 2.492 2.152 0.364 1.144 0.060 2.4-0.784 3.242l-4.752 4.746 1.12 6.71c0.202 1.184-0.276 2.382-1.222 3.088-0.538 0.4-1.178 0.602-1.82 0.602z",
          "M95.43 315.010c-0.486 0-0.982-0.112-1.436-0.362l-5.876-3.168-5.878 3.168c-0.452 0.248-0.944 0.362-1.434 0.362-0.64 0-1.278-0.2-1.818-0.602-0.948-0.706-1.426-1.904-1.224-3.092l1.12-6.706-4.754-4.748c-0.84-0.836-1.144-2.098-0.78-3.24 0.362-1.144 1.328-1.976 2.494-2.154l6.568-0.976 2.942-6.102c0.52-1.078 1.592-1.76 2.766-1.76s2.248 0.682 2.766 1.76l2.94 6.102 6.57 0.976c1.164 0.178 2.128 1.010 2.492 2.154 0.364 1.142 0.060 2.404-0.784 3.24l-4.752 4.748 1.12 6.706c0.202 1.19-0.276 2.384-1.222 3.092-0.538 0.404-1.178 0.602-1.82 0.602z",
          "M95.43 369.852c-0.486 0-0.982-0.118-1.436-0.362l-5.876-3.164-5.878 3.164c-0.452 0.246-0.944 0.362-1.434 0.362-0.64 0-1.278-0.202-1.818-0.602-0.948-0.708-1.426-1.906-1.224-3.088l1.12-6.708-4.754-4.744c-0.84-0.844-1.144-2.104-0.78-3.246 0.362-1.144 1.328-1.98 2.494-2.154l6.568-0.976 2.942-6.102c0.52-1.076 1.592-1.758 2.766-1.758s2.248 0.682 2.766 1.758l2.94 6.102 6.57 0.976c1.164 0.176 2.128 1.012 2.492 2.154s0.060 2.402-0.784 3.246l-4.752 4.744 1.12 6.708c0.202 1.182-0.276 2.38-1.222 3.088-0.538 0.4-1.178 0.602-1.82 0.602z",
          "M95.43 424.692c-0.486 0-0.982-0.118-1.436-0.362l-5.876-3.168-5.878 3.168c-0.452 0.246-0.944 0.362-1.434 0.362-0.64 0-1.278-0.2-1.818-0.604-0.948-0.706-1.426-1.906-1.224-3.090l1.12-6.704-4.754-4.748c-0.84-0.84-1.144-2.1-0.78-3.244 0.362-1.144 1.328-1.98 2.494-2.154l6.568-0.976 2.942-6.102c0.52-1.076 1.592-1.76 2.766-1.76s2.248 0.686 2.766 1.76l2.94 6.102 6.57 0.976c1.164 0.176 2.128 1.012 2.492 2.154 0.364 1.144 0.060 2.404-0.784 3.244l-4.752 4.748 1.12 6.704c0.202 1.184-0.276 2.384-1.222 3.090-0.538 0.404-1.178 0.604-1.82 0.604z",
          "M60.694 232.752c-0.486 0-0.982-0.114-1.436-0.364l-5.878-3.164-5.876 3.164c-0.454 0.248-0.946 0.364-1.438 0.364-0.64 0-1.276-0.202-1.816-0.604-0.95-0.704-1.428-1.906-1.224-3.090l1.118-6.708-4.752-4.746c-0.84-0.842-1.144-2.1-0.78-3.244 0.362-1.146 1.324-1.98 2.494-2.154l6.568-0.976 2.94-6.104c0.518-1.078 1.59-1.76 2.766-1.76s2.248 0.684 2.764 1.76l2.942 6.104 6.57 0.976c1.164 0.176 2.13 1.008 2.492 2.154 0.364 1.144 0.062 2.402-0.78 3.244l-4.754 4.746 1.122 6.708c0.2 1.184-0.276 2.384-1.226 3.090-0.538 0.4-1.174 0.604-1.816 0.604z",
          "M60.694 287.592c-0.486 0-0.982-0.12-1.436-0.362l-5.878-3.166-5.876 3.166c-0.454 0.244-0.946 0.362-1.438 0.362-0.64 0-1.276-0.204-1.816-0.602-0.95-0.71-1.428-1.906-1.224-3.090l1.118-6.708-4.752-4.748c-0.84-0.84-1.144-2.098-0.78-3.244 0.362-1.144 1.324-1.976 2.494-2.15l6.568-0.978 2.94-6.102c0.518-1.078 1.59-1.762 2.766-1.762s2.248 0.686 2.764 1.762l2.942 6.102 6.57 0.978c1.164 0.174 2.13 1.008 2.492 2.15 0.364 1.146 0.062 2.404-0.78 3.244l-4.754 4.748 1.122 6.708c0.2 1.184-0.276 2.38-1.226 3.090-0.538 0.398-1.174 0.602-1.816 0.602z",
          "M60.694 342.432c-0.486 0-0.982-0.118-1.436-0.36l-5.878-3.168-5.876 3.168c-0.454 0.242-0.946 0.36-1.438 0.36-0.64 0-1.276-0.204-1.816-0.602-0.95-0.706-1.428-1.906-1.224-3.092l1.118-6.706-4.752-4.748c-0.84-0.84-1.144-2.098-0.78-3.242 0.362-1.146 1.324-1.98 2.494-2.152l6.568-0.976 2.94-6.106c0.518-1.076 1.59-1.758 2.766-1.758s2.248 0.682 2.764 1.758l2.942 6.106 6.57 0.976c1.164 0.176 2.13 1.008 2.492 2.152 0.364 1.144 0.062 2.402-0.78 3.242l-4.754 4.748 1.122 6.706c0.2 1.186-0.276 2.386-1.226 3.092-0.538 0.398-1.174 0.602-1.816 0.602z",
          "M60.694 397.272c-0.486 0-0.982-0.114-1.436-0.362l-5.878-3.166-5.876 3.166c-0.454 0.246-0.946 0.362-1.438 0.362-0.64 0-1.276-0.2-1.816-0.602-0.95-0.706-1.428-1.908-1.224-3.090l1.118-6.708-4.752-4.746c-0.84-0.838-1.144-2.098-0.78-3.246 0.362-1.144 1.324-1.976 2.494-2.15l6.568-0.974 2.94-6.104c0.518-1.078 1.59-1.764 2.766-1.764s2.248 0.686 2.764 1.764l2.942 6.104 6.57 0.974c1.164 0.176 2.13 1.008 2.492 2.15 0.364 1.146 0.062 2.406-0.78 3.246l-4.754 4.746 1.122 6.708c0.2 1.182-0.276 2.382-1.226 3.090-0.538 0.402-1.174 0.602-1.816 0.602z",
          "M60.694 452.11c-0.486 0-0.982-0.118-1.436-0.362l-5.878-3.164-5.876 3.164c-0.454 0.244-0.946 0.362-1.438 0.362-0.64 0-1.276-0.2-1.816-0.602-0.95-0.704-1.428-1.906-1.224-3.090l1.118-6.706-4.752-4.744c-0.84-0.842-1.144-2.102-0.78-3.246 0.362-1.146 1.324-1.98 2.494-2.154l6.568-0.976 2.94-6.1c0.518-1.078 1.59-1.762 2.766-1.762s2.248 0.684 2.764 1.762l2.942 6.1 6.57 0.976c1.164 0.174 2.13 1.008 2.492 2.154 0.364 1.144 0.062 2.404-0.78 3.246l-4.754 4.744 1.122 6.706c0.2 1.184-0.276 2.386-1.226 3.090-0.538 0.404-1.174 0.602-1.816 0.602z",
          "M162.864 260.172c-0.49 0-0.984-0.114-1.438-0.362l-5.876-3.166-5.876 3.166c-0.452 0.246-0.946 0.362-1.436 0.362-0.642 0-1.276-0.2-1.818-0.602-0.948-0.706-1.428-1.904-1.224-3.088l1.12-6.71-4.754-4.746c-0.842-0.842-1.146-2.098-0.782-3.242 0.364-1.146 1.33-1.98 2.494-2.152l6.572-0.978 2.938-6.102c0.518-1.080 1.592-1.764 2.766-1.764s2.248 0.684 2.766 1.764l2.94 6.102 6.57 0.978c1.164 0.174 2.13 1.006 2.492 2.152 0.366 1.144 0.060 2.4-0.782 3.242l-4.754 4.746 1.122 6.71c0.2 1.184-0.278 2.382-1.226 3.088-0.538 0.4-1.174 0.602-1.814 0.602z",
          "M162.864 315.010c-0.49 0-0.984-0.112-1.438-0.362l-5.876-3.168-5.876 3.168c-0.452 0.248-0.946 0.362-1.436 0.362-0.642 0-1.276-0.2-1.818-0.602-0.948-0.706-1.428-1.904-1.224-3.092l1.12-6.706-4.754-4.748c-0.842-0.836-1.146-2.098-0.782-3.24 0.364-1.144 1.33-1.976 2.494-2.154l6.572-0.976 2.938-6.102c0.518-1.078 1.592-1.76 2.766-1.76s2.248 0.682 2.766 1.76l2.94 6.102 6.57 0.976c1.164 0.178 2.13 1.010 2.492 2.154 0.366 1.142 0.060 2.404-0.782 3.24l-4.754 4.748 1.122 6.706c0.2 1.19-0.278 2.384-1.226 3.092-0.538 0.404-1.174 0.602-1.814 0.602z",
          "M162.864 369.852c-0.49 0-0.984-0.118-1.438-0.362l-5.876-3.164-5.876 3.164c-0.452 0.246-0.946 0.362-1.436 0.362-0.642 0-1.276-0.202-1.818-0.602-0.948-0.708-1.428-1.906-1.224-3.088l1.12-6.708-4.754-4.744c-0.842-0.844-1.146-2.104-0.782-3.246 0.364-1.144 1.33-1.98 2.494-2.154l6.572-0.976 2.938-6.102c0.518-1.076 1.592-1.758 2.766-1.758s2.248 0.682 2.766 1.758l2.94 6.102 6.57 0.976c1.164 0.176 2.13 1.012 2.492 2.154 0.366 1.142 0.060 2.402-0.782 3.246l-4.754 4.744 1.122 6.708c0.2 1.182-0.278 2.38-1.226 3.088-0.538 0.4-1.174 0.602-1.814 0.602z",
          "M162.864 424.692c-0.49 0-0.984-0.118-1.438-0.362l-5.876-3.168-5.876 3.168c-0.452 0.246-0.946 0.362-1.436 0.362-0.642 0-1.276-0.2-1.818-0.604-0.948-0.706-1.428-1.906-1.224-3.090l1.12-6.704-4.754-4.748c-0.842-0.84-1.146-2.1-0.782-3.244s1.33-1.98 2.494-2.154l6.572-0.976 2.938-6.102c0.518-1.076 1.592-1.76 2.766-1.76s2.248 0.686 2.766 1.76l2.94 6.102 6.57 0.976c1.164 0.176 2.13 1.012 2.492 2.154 0.366 1.144 0.060 2.404-0.782 3.244l-4.754 4.748 1.122 6.704c0.2 1.184-0.278 2.384-1.226 3.090-0.538 0.404-1.174 0.604-1.814 0.604z",
          "M128.126 232.752c-0.49 0-0.982-0.114-1.436-0.364l-5.878-3.164-5.876 3.164c-0.454 0.248-0.944 0.364-1.436 0.364-0.642 0-1.276-0.202-1.816-0.604-0.948-0.704-1.428-1.906-1.226-3.090l1.12-6.708-4.752-4.746c-0.842-0.842-1.144-2.1-0.782-3.244 0.362-1.146 1.328-1.98 2.494-2.154l6.57-0.976 2.938-6.104c0.52-1.078 1.592-1.76 2.768-1.76 1.174 0 2.248 0.684 2.766 1.76l2.94 6.104 6.57 0.976c1.166 0.176 2.13 1.008 2.492 2.154 0.364 1.144 0.060 2.402-0.784 3.244l-4.752 4.746 1.124 6.708c0.2 1.184-0.278 2.384-1.228 3.090-0.54 0.4-1.178 0.604-1.816 0.604z",
          "M128.126 287.592c-0.49 0-0.982-0.12-1.436-0.362l-5.878-3.166-5.876 3.166c-0.454 0.244-0.944 0.362-1.436 0.362-0.642 0-1.276-0.204-1.816-0.602-0.948-0.71-1.428-1.906-1.226-3.090l1.12-6.708-4.752-4.748c-0.842-0.84-1.144-2.098-0.782-3.244 0.362-1.144 1.328-1.976 2.494-2.15l6.57-0.978 2.938-6.102c0.52-1.078 1.592-1.762 2.768-1.762 1.174 0 2.248 0.686 2.766 1.762l2.94 6.102 6.57 0.978c1.166 0.174 2.13 1.008 2.492 2.15 0.364 1.146 0.060 2.404-0.784 3.244l-4.752 4.748 1.124 6.708c0.2 1.184-0.278 2.38-1.228 3.090-0.54 0.398-1.178 0.602-1.816 0.602z",
          "M128.126 342.432c-0.49 0-0.982-0.118-1.436-0.36l-5.878-3.168-5.876 3.168c-0.454 0.242-0.944 0.36-1.436 0.36-0.642 0-1.276-0.204-1.816-0.602-0.948-0.706-1.428-1.906-1.226-3.092l1.12-6.706-4.752-4.748c-0.842-0.84-1.144-2.098-0.782-3.242 0.362-1.146 1.328-1.98 2.494-2.152l6.57-0.976 2.938-6.106c0.52-1.076 1.592-1.758 2.768-1.758 1.174 0 2.248 0.682 2.766 1.758l2.94 6.106 6.57 0.976c1.166 0.176 2.13 1.008 2.492 2.152 0.364 1.144 0.060 2.402-0.784 3.242l-4.752 4.748 1.124 6.706c0.2 1.186-0.278 2.386-1.228 3.092-0.54 0.398-1.178 0.602-1.816 0.602z",
          "M128.126 397.272c-0.49 0-0.982-0.114-1.436-0.362l-5.878-3.166-5.876 3.166c-0.454 0.246-0.944 0.362-1.436 0.362-0.642 0-1.276-0.2-1.816-0.602-0.948-0.706-1.428-1.908-1.226-3.090l1.12-6.708-4.752-4.746c-0.842-0.838-1.144-2.098-0.782-3.246 0.362-1.144 1.328-1.976 2.494-2.15l6.57-0.974 2.938-6.104c0.52-1.078 1.592-1.764 2.768-1.764 1.174 0 2.248 0.686 2.766 1.764l2.94 6.104 6.57 0.974c1.166 0.176 2.13 1.008 2.492 2.15 0.364 1.146 0.060 2.406-0.784 3.246l-4.752 4.746 1.124 6.708c0.2 1.182-0.278 2.382-1.228 3.090-0.54 0.402-1.178 0.602-1.816 0.602z",
          "M128.126 452.11c-0.49 0-0.982-0.118-1.436-0.362l-5.878-3.164-5.876 3.164c-0.454 0.244-0.944 0.362-1.436 0.362-0.642 0-1.276-0.2-1.816-0.602-0.948-0.704-1.428-1.906-1.226-3.090l1.12-6.706-4.752-4.744c-0.842-0.842-1.144-2.102-0.782-3.246 0.362-1.146 1.328-1.98 2.494-2.154l6.57-0.976 2.938-6.1c0.52-1.078 1.592-1.762 2.768-1.762 1.174 0 2.248 0.684 2.766 1.762l2.94 6.1 6.57 0.976c1.166 0.174 2.13 1.008 2.492 2.154 0.364 1.144 0.060 2.404-0.784 3.246l-4.752 4.744 1.124 6.706c0.2 1.184-0.278 2.386-1.228 3.090-0.54 0.404-1.178 0.602-1.816 0.602z",
          "M230.292 260.172c-0.486 0-0.982-0.114-1.436-0.362l-5.878-3.166-5.876 3.166c-0.454 0.246-0.944 0.362-1.436 0.362-0.64 0-1.276-0.2-1.816-0.602-0.948-0.706-1.426-1.904-1.224-3.088l1.118-6.71-4.752-4.746c-0.842-0.842-1.144-2.098-0.78-3.242 0.364-1.146 1.324-1.98 2.494-2.152l6.57-0.978 2.94-6.102c0.516-1.080 1.59-1.764 2.764-1.764 1.176 0 2.248 0.684 2.766 1.764l2.94 6.102 6.572 0.978c1.164 0.174 2.13 1.006 2.492 2.152 0.364 1.144 0.060 2.4-0.782 3.242l-4.754 4.746 1.124 6.71c0.198 1.184-0.278 2.382-1.228 3.088-0.54 0.4-1.178 0.602-1.818 0.602z",
          "M230.292 315.010c-0.486 0-0.982-0.112-1.436-0.362l-5.878-3.168-5.876 3.168c-0.454 0.248-0.944 0.362-1.436 0.362-0.64 0-1.276-0.2-1.816-0.602-0.948-0.706-1.426-1.904-1.224-3.092l1.118-6.706-4.752-4.748c-0.842-0.836-1.144-2.098-0.78-3.24 0.364-1.144 1.324-1.976 2.494-2.154l6.57-0.976 2.94-6.102c0.516-1.078 1.59-1.76 2.764-1.76 1.176 0 2.248 0.682 2.766 1.76l2.94 6.102 6.572 0.976c1.164 0.178 2.13 1.010 2.492 2.154 0.364 1.142 0.060 2.404-0.782 3.24l-4.754 4.748 1.124 6.706c0.198 1.19-0.278 2.384-1.228 3.092-0.54 0.404-1.178 0.602-1.818 0.602z",
          "M230.292 369.852c-0.486 0-0.982-0.118-1.436-0.362l-5.878-3.164-5.876 3.164c-0.454 0.246-0.944 0.362-1.436 0.362-0.64 0-1.276-0.202-1.816-0.602-0.948-0.708-1.426-1.906-1.224-3.088l1.118-6.708-4.752-4.744c-0.842-0.844-1.144-2.104-0.78-3.246 0.364-1.144 1.324-1.98 2.494-2.154l6.57-0.976 2.94-6.102c0.516-1.076 1.59-1.758 2.764-1.758 1.176 0 2.248 0.682 2.766 1.758l2.94 6.102 6.572 0.976c1.164 0.176 2.13 1.012 2.492 2.154 0.364 1.142 0.060 2.402-0.782 3.246l-4.754 4.744 1.124 6.708c0.198 1.182-0.278 2.38-1.228 3.088-0.54 0.4-1.178 0.602-1.818 0.602z",
          "M230.292 424.692c-0.486 0-0.982-0.118-1.436-0.362l-5.878-3.168-5.876 3.168c-0.454 0.246-0.944 0.362-1.436 0.362-0.64 0-1.276-0.2-1.816-0.604-0.948-0.706-1.426-1.906-1.224-3.090l1.118-6.704-4.752-4.748c-0.842-0.84-1.144-2.1-0.78-3.244s1.324-1.98 2.494-2.154l6.57-0.976 2.94-6.102c0.516-1.076 1.59-1.76 2.764-1.76 1.176 0 2.248 0.686 2.766 1.76l2.94 6.102 6.572 0.976c1.164 0.176 2.13 1.012 2.492 2.154 0.364 1.144 0.060 2.404-0.782 3.244l-4.754 4.748 1.124 6.704c0.198 1.184-0.278 2.384-1.228 3.090-0.54 0.404-1.178 0.604-1.818 0.604z",
          "M195.556 232.752c-0.49 0-0.982-0.114-1.436-0.364l-5.876-3.164-5.878 3.164c-0.452 0.248-0.944 0.364-1.436 0.364-0.64 0-1.278-0.202-1.816-0.604-0.948-0.704-1.428-1.906-1.226-3.090l1.12-6.708-4.752-4.746c-0.842-0.842-1.146-2.1-0.782-3.244 0.362-1.146 1.328-1.98 2.494-2.154l6.572-0.976 2.936-6.104c0.522-1.078 1.592-1.76 2.768-1.76 1.172 0 2.248 0.684 2.764 1.76l2.94 6.104 6.572 0.976c1.166 0.176 2.128 1.008 2.488 2.154 0.364 1.144 0.060 2.402-0.782 3.244l-4.752 4.746 1.122 6.708c0.2 1.184-0.278 2.384-1.226 3.090-0.534 0.4-1.174 0.604-1.814 0.604z",
          "M195.556 287.592c-0.49 0-0.982-0.12-1.436-0.362l-5.876-3.166-5.878 3.166c-0.452 0.244-0.944 0.362-1.436 0.362-0.64 0-1.278-0.204-1.816-0.602-0.948-0.71-1.428-1.906-1.226-3.090l1.12-6.708-4.752-4.748c-0.842-0.84-1.146-2.098-0.782-3.244 0.362-1.144 1.328-1.976 2.494-2.15l6.572-0.978 2.936-6.102c0.522-1.078 1.592-1.762 2.768-1.762 1.172 0 2.248 0.686 2.764 1.762l2.94 6.102 6.572 0.978c1.166 0.174 2.128 1.008 2.488 2.15 0.364 1.146 0.060 2.404-0.782 3.244l-4.752 4.748 1.122 6.708c0.2 1.184-0.278 2.38-1.226 3.090-0.534 0.398-1.174 0.602-1.814 0.602z",
          "M195.556 342.432c-0.49 0-0.982-0.118-1.436-0.36l-5.876-3.168-5.878 3.168c-0.452 0.242-0.944 0.36-1.436 0.36-0.64 0-1.278-0.204-1.816-0.602-0.948-0.706-1.428-1.906-1.226-3.092l1.12-6.706-4.752-4.748c-0.842-0.84-1.146-2.098-0.782-3.242 0.362-1.146 1.328-1.98 2.494-2.152l6.572-0.976 2.936-6.106c0.522-1.076 1.592-1.758 2.768-1.758 1.172 0 2.248 0.682 2.764 1.758l2.94 6.106 6.572 0.976c1.166 0.176 2.128 1.008 2.488 2.152 0.364 1.144 0.060 2.402-0.782 3.242l-4.752 4.748 1.122 6.706c0.2 1.186-0.278 2.386-1.226 3.092-0.534 0.398-1.174 0.602-1.814 0.602z",
          "M195.556 397.272c-0.49 0-0.982-0.114-1.436-0.362l-5.876-3.166-5.878 3.166c-0.452 0.246-0.944 0.362-1.436 0.362-0.64 0-1.278-0.2-1.816-0.602-0.948-0.706-1.428-1.908-1.226-3.090l1.12-6.708-4.752-4.746c-0.842-0.838-1.146-2.098-0.782-3.246 0.362-1.144 1.328-1.976 2.494-2.15l6.572-0.974 2.936-6.104c0.522-1.078 1.592-1.764 2.768-1.764 1.172 0 2.248 0.686 2.764 1.764l2.94 6.104 6.572 0.974c1.166 0.176 2.128 1.008 2.488 2.15 0.364 1.146 0.060 2.406-0.782 3.246l-4.752 4.746 1.122 6.708c0.2 1.182-0.278 2.382-1.226 3.090-0.534 0.402-1.174 0.602-1.814 0.602z",
          "M195.556 452.11c-0.49 0-0.982-0.118-1.436-0.362l-5.876-3.164-5.878 3.164c-0.452 0.244-0.944 0.362-1.436 0.362-0.64 0-1.278-0.2-1.816-0.602-0.948-0.704-1.428-1.906-1.226-3.090l1.12-6.706-4.752-4.744c-0.842-0.842-1.146-2.102-0.782-3.246 0.362-1.146 1.328-1.98 2.494-2.154l6.572-0.976 2.936-6.1c0.522-1.078 1.592-1.762 2.768-1.762 1.172 0 2.248 0.684 2.764 1.762l2.94 6.1 6.572 0.976c1.166 0.174 2.128 1.008 2.488 2.154 0.364 1.144 0.060 2.404-0.782 3.246l-4.752 4.744 1.122 6.706c0.2 1.184-0.278 2.386-1.226 3.090-0.534 0.404-1.174 0.602-1.814 0.602z",
          "M297.724 260.172c-0.488 0-0.984-0.114-1.438-0.362l-5.876-3.166-5.876 3.166c-0.454 0.246-0.946 0.362-1.438 0.362-0.64 0-1.276-0.2-1.816-0.602-0.948-0.706-1.428-1.904-1.224-3.088l1.12-6.71-4.754-4.746c-0.842-0.842-1.148-2.098-0.782-3.242 0.362-1.146 1.326-1.98 2.492-2.152l6.57-0.978 2.94-6.102c0.52-1.080 1.592-1.764 2.766-1.764s2.248 0.684 2.766 1.764l2.942 6.102 6.568 0.978c1.164 0.174 2.128 1.006 2.488 2.152 0.366 1.144 0.062 2.4-0.782 3.242l-4.754 4.746 1.124 6.71c0.198 1.184-0.278 2.382-1.228 3.088-0.53 0.4-1.168 0.602-1.808 0.602z",
          "M297.724 315.010c-0.488 0-0.984-0.112-1.438-0.362l-5.876-3.168-5.876 3.168c-0.454 0.248-0.946 0.362-1.438 0.362-0.64 0-1.276-0.2-1.816-0.602-0.948-0.706-1.428-1.904-1.224-3.092l1.12-6.706-4.754-4.748c-0.842-0.836-1.148-2.098-0.782-3.24 0.362-1.144 1.326-1.976 2.492-2.154l6.57-0.976 2.94-6.102c0.52-1.078 1.592-1.76 2.766-1.76s2.248 0.682 2.766 1.76l2.942 6.102 6.568 0.976c1.164 0.178 2.128 1.010 2.488 2.154 0.366 1.142 0.062 2.404-0.782 3.24l-4.754 4.748 1.124 6.706c0.198 1.19-0.278 2.384-1.228 3.092-0.53 0.404-1.168 0.602-1.808 0.602z",
          "M297.724 369.852c-0.488 0-0.984-0.118-1.438-0.362l-5.876-3.164-5.876 3.164c-0.454 0.246-0.946 0.362-1.438 0.362-0.64 0-1.276-0.202-1.816-0.602-0.948-0.708-1.428-1.906-1.224-3.088l1.12-6.708-4.754-4.744c-0.842-0.844-1.148-2.104-0.782-3.246 0.362-1.144 1.326-1.98 2.492-2.154l6.57-0.976 2.94-6.102c0.52-1.076 1.592-1.758 2.766-1.758s2.248 0.682 2.766 1.758l2.942 6.102 6.568 0.976c1.164 0.176 2.128 1.012 2.488 2.154 0.366 1.142 0.062 2.402-0.782 3.246l-4.754 4.744 1.124 6.708c0.198 1.182-0.278 2.38-1.228 3.088-0.53 0.4-1.168 0.602-1.808 0.602z",
          "M297.724 424.692c-0.488 0-0.984-0.118-1.438-0.362l-5.876-3.168-5.876 3.168c-0.454 0.246-0.946 0.362-1.438 0.362-0.64 0-1.276-0.2-1.816-0.604-0.948-0.706-1.428-1.906-1.224-3.090l1.12-6.704-4.754-4.748c-0.842-0.84-1.148-2.1-0.782-3.244 0.362-1.144 1.326-1.98 2.492-2.154l6.57-0.976 2.94-6.102c0.52-1.076 1.592-1.76 2.766-1.76s2.248 0.686 2.766 1.76l2.942 6.102 6.568 0.976c1.164 0.176 2.128 1.012 2.488 2.154 0.366 1.144 0.062 2.404-0.782 3.244l-4.754 4.748 1.124 6.704c0.198 1.184-0.278 2.384-1.228 3.090-0.53 0.404-1.168 0.604-1.808 0.604z",
          "M262.986 232.752c-0.486 0-0.982-0.114-1.438-0.364l-5.876-3.164-5.876 3.164c-0.452 0.248-0.948 0.364-1.434 0.364-0.642 0-1.278-0.202-1.82-0.604-0.948-0.704-1.426-1.906-1.224-3.090l1.12-6.708-4.752-4.746c-0.842-0.842-1.146-2.1-0.782-3.244 0.364-1.146 1.33-1.98 2.494-2.154l6.572-0.976 2.938-6.104c0.52-1.078 1.594-1.76 2.766-1.76 1.176 0 2.248 0.684 2.766 1.76l2.94 6.104 6.57 0.976c1.164 0.176 2.132 1.008 2.492 2.154 0.366 1.144 0.062 2.402-0.782 3.244l-4.754 4.746 1.122 6.708c0.2 1.184-0.278 2.384-1.226 3.090-0.536 0.4-1.174 0.604-1.816 0.604z",
          "M262.986 287.592c-0.486 0-0.982-0.12-1.438-0.362l-5.876-3.166-5.876 3.166c-0.452 0.244-0.948 0.362-1.434 0.362-0.642 0-1.278-0.204-1.82-0.602-0.948-0.71-1.426-1.906-1.224-3.090l1.12-6.708-4.752-4.748c-0.842-0.84-1.146-2.098-0.782-3.244 0.364-1.144 1.33-1.976 2.494-2.15l6.572-0.978 2.938-6.102c0.52-1.078 1.594-1.762 2.766-1.762 1.176 0 2.248 0.686 2.766 1.762l2.94 6.102 6.57 0.978c1.164 0.174 2.132 1.008 2.492 2.15 0.366 1.146 0.062 2.404-0.782 3.244l-4.754 4.748 1.122 6.708c0.2 1.184-0.278 2.38-1.226 3.090-0.536 0.398-1.174 0.602-1.816 0.602z",
          "M262.986 342.432c-0.486 0-0.982-0.118-1.438-0.36l-5.876-3.168-5.876 3.168c-0.452 0.242-0.948 0.36-1.434 0.36-0.642 0-1.278-0.204-1.82-0.602-0.948-0.706-1.426-1.906-1.224-3.092l1.12-6.706-4.752-4.748c-0.842-0.84-1.146-2.098-0.782-3.242 0.364-1.146 1.33-1.98 2.494-2.152l6.572-0.976 2.938-6.106c0.52-1.076 1.594-1.758 2.766-1.758 1.176 0 2.248 0.682 2.766 1.758l2.94 6.106 6.57 0.976c1.164 0.176 2.132 1.008 2.492 2.152 0.366 1.144 0.062 2.402-0.782 3.242l-4.754 4.748 1.122 6.706c0.2 1.186-0.278 2.386-1.226 3.092-0.536 0.398-1.174 0.602-1.816 0.602z",
          "M262.986 397.272c-0.486 0-0.982-0.114-1.438-0.362l-5.876-3.166-5.876 3.166c-0.452 0.246-0.948 0.362-1.434 0.362-0.642 0-1.278-0.2-1.82-0.602-0.948-0.706-1.426-1.908-1.224-3.090l1.12-6.708-4.752-4.746c-0.842-0.838-1.146-2.098-0.782-3.246 0.364-1.144 1.33-1.976 2.494-2.15l6.572-0.974 2.938-6.104c0.52-1.078 1.594-1.764 2.766-1.764 1.176 0 2.248 0.686 2.766 1.764l2.94 6.104 6.57 0.974c1.164 0.176 2.132 1.008 2.492 2.15 0.366 1.146 0.062 2.406-0.782 3.246l-4.754 4.746 1.122 6.708c0.2 1.182-0.278 2.382-1.226 3.090-0.536 0.402-1.174 0.602-1.816 0.602z",
          "M262.986 452.11c-0.486 0-0.982-0.118-1.438-0.362l-5.876-3.164-5.876 3.164c-0.452 0.244-0.948 0.362-1.434 0.362-0.642 0-1.278-0.2-1.82-0.602-0.948-0.704-1.426-1.906-1.224-3.090l1.12-6.706-4.752-4.744c-0.842-0.842-1.146-2.102-0.782-3.246 0.364-1.146 1.33-1.98 2.494-2.154l6.572-0.976 2.938-6.1c0.52-1.078 1.594-1.762 2.766-1.762 1.176 0 2.248 0.684 2.766 1.762l2.94 6.1 6.57 0.976c1.164 0.174 2.132 1.008 2.492 2.154 0.366 1.144 0.062 2.404-0.782 3.246l-4.754 4.744 1.122 6.706c0.2 1.184-0.278 2.386-1.226 3.090-0.536 0.404-1.174 0.602-1.816 0.602z",
          "M365.154 260.172c-0.49 0-0.982-0.114-1.438-0.362l-5.878-3.166-5.876 3.166c-0.454 0.246-0.946 0.362-1.434 0.362-0.642 0-1.278-0.2-1.814-0.602-0.952-0.706-1.434-1.904-1.226-3.088l1.118-6.71-4.752-4.746c-0.84-0.842-1.146-2.098-0.782-3.242 0.364-1.146 1.33-1.98 2.494-2.152l6.57-0.978 2.94-6.102c0.518-1.080 1.59-1.764 2.764-1.764 1.178 0 2.252 0.684 2.768 1.764l2.94 6.102 6.572 0.978c1.162 0.174 2.128 1.006 2.486 2.152 0.364 1.144 0.062 2.4-0.782 3.242l-4.752 4.746 1.122 6.71c0.2 1.184-0.276 2.382-1.224 3.088-0.536 0.4-1.174 0.602-1.816 0.602z",
          "M365.154 315.010c-0.49 0-0.982-0.112-1.438-0.362l-5.878-3.168-5.876 3.168c-0.454 0.248-0.946 0.362-1.434 0.362-0.642 0-1.278-0.2-1.814-0.602-0.952-0.706-1.434-1.904-1.226-3.092l1.118-6.706-4.752-4.748c-0.84-0.836-1.146-2.098-0.782-3.24 0.364-1.144 1.33-1.976 2.494-2.154l6.57-0.976 2.94-6.102c0.518-1.078 1.59-1.76 2.764-1.76 1.178 0 2.252 0.682 2.768 1.76l2.94 6.102 6.572 0.976c1.162 0.178 2.128 1.010 2.486 2.154 0.364 1.142 0.062 2.404-0.782 3.24l-4.752 4.748 1.122 6.706c0.2 1.19-0.276 2.384-1.224 3.092-0.536 0.404-1.174 0.602-1.816 0.602z",
          "M365.154 369.852c-0.49 0-0.982-0.118-1.438-0.362l-5.878-3.164-5.876 3.164c-0.454 0.246-0.946 0.362-1.434 0.362-0.642 0-1.278-0.202-1.814-0.602-0.952-0.708-1.434-1.906-1.226-3.088l1.118-6.708-4.752-4.744c-0.84-0.844-1.146-2.104-0.782-3.246 0.364-1.144 1.33-1.98 2.494-2.154l6.57-0.976 2.94-6.102c0.518-1.076 1.59-1.758 2.764-1.758 1.178 0 2.252 0.682 2.768 1.758l2.94 6.102 6.572 0.976c1.162 0.176 2.128 1.012 2.486 2.154 0.364 1.142 0.062 2.402-0.782 3.246l-4.752 4.744 1.122 6.708c0.2 1.182-0.276 2.38-1.224 3.088-0.536 0.4-1.174 0.602-1.816 0.602z",
          "M365.154 424.692c-0.49 0-0.982-0.118-1.438-0.362l-5.878-3.168-5.876 3.168c-0.454 0.246-0.946 0.362-1.434 0.362-0.642 0-1.278-0.2-1.814-0.604-0.952-0.706-1.434-1.906-1.226-3.090l1.118-6.704-4.752-4.748c-0.84-0.84-1.146-2.1-0.782-3.244s1.33-1.98 2.494-2.154l6.57-0.976 2.94-6.102c0.518-1.076 1.59-1.76 2.764-1.76 1.178 0 2.252 0.686 2.768 1.76l2.94 6.102 6.572 0.976c1.162 0.176 2.128 1.012 2.486 2.154 0.364 1.144 0.062 2.404-0.782 3.244l-4.752 4.748 1.122 6.704c0.2 1.184-0.276 2.384-1.224 3.090-0.536 0.404-1.174 0.604-1.816 0.604z",
          "M330.416 232.752c-0.486 0-0.982-0.114-1.434-0.364l-5.878-3.164-5.876 3.164c-0.452 0.248-0.946 0.364-1.436 0.364-0.64 0-1.278-0.202-1.816-0.604-0.948-0.704-1.428-1.906-1.226-3.090l1.12-6.708-4.75-4.746c-0.844-0.842-1.146-2.1-0.784-3.244 0.364-1.146 1.324-1.98 2.494-2.154l6.57-0.976 2.94-6.104c0.52-1.078 1.592-1.76 2.766-1.76 1.176 0 2.248 0.684 2.766 1.76l2.94 6.104 6.572 0.976c1.162 0.176 2.128 1.008 2.488 2.154 0.364 1.144 0.060 2.402-0.782 3.244l-4.754 4.746 1.124 6.708c0.2 1.184-0.278 2.384-1.226 3.090-0.54 0.4-1.176 0.604-1.818 0.604z",
          "M330.416 287.592c-0.486 0-0.982-0.12-1.434-0.362l-5.878-3.166-5.876 3.166c-0.452 0.244-0.946 0.362-1.436 0.362-0.64 0-1.278-0.204-1.816-0.602-0.948-0.71-1.428-1.906-1.226-3.090l1.12-6.708-4.75-4.748c-0.844-0.84-1.146-2.098-0.784-3.244 0.364-1.144 1.324-1.976 2.494-2.15l6.57-0.978 2.94-6.102c0.52-1.078 1.592-1.762 2.766-1.762 1.176 0 2.248 0.686 2.766 1.762l2.94 6.102 6.572 0.978c1.162 0.174 2.128 1.008 2.488 2.15 0.364 1.146 0.060 2.404-0.782 3.244l-4.754 4.748 1.124 6.708c0.2 1.184-0.278 2.38-1.226 3.090-0.54 0.398-1.176 0.602-1.818 0.602z",
          "M330.416 342.432c-0.486 0-0.982-0.118-1.434-0.36l-5.878-3.168-5.876 3.168c-0.452 0.242-0.946 0.36-1.436 0.36-0.64 0-1.278-0.204-1.816-0.602-0.948-0.706-1.428-1.906-1.226-3.092l1.12-6.706-4.75-4.748c-0.844-0.84-1.146-2.098-0.784-3.242 0.364-1.146 1.324-1.98 2.494-2.152l6.57-0.976 2.94-6.106c0.52-1.076 1.592-1.758 2.766-1.758 1.176 0 2.248 0.682 2.766 1.758l2.94 6.106 6.572 0.976c1.162 0.176 2.128 1.008 2.488 2.152 0.364 1.144 0.060 2.402-0.782 3.242l-4.754 4.748 1.124 6.706c0.2 1.186-0.278 2.386-1.226 3.092-0.54 0.398-1.176 0.602-1.818 0.602z",
          "M330.416 397.272c-0.486 0-0.982-0.114-1.434-0.362l-5.878-3.166-5.876 3.166c-0.452 0.246-0.946 0.362-1.436 0.362-0.64 0-1.278-0.2-1.816-0.602-0.948-0.706-1.428-1.908-1.226-3.090l1.12-6.708-4.75-4.746c-0.844-0.838-1.146-2.098-0.784-3.246 0.364-1.144 1.324-1.976 2.494-2.15l6.57-0.974 2.94-6.104c0.52-1.078 1.592-1.764 2.766-1.764 1.176 0 2.248 0.686 2.766 1.764l2.94 6.104 6.572 0.974c1.162 0.176 2.128 1.008 2.488 2.15 0.364 1.146 0.060 2.406-0.782 3.246l-4.754 4.746 1.124 6.708c0.2 1.182-0.278 2.382-1.226 3.090-0.54 0.402-1.176 0.602-1.818 0.602z",
          "M330.416 452.11c-0.486 0-0.982-0.118-1.434-0.362l-5.878-3.164-5.876 3.164c-0.452 0.244-0.946 0.362-1.436 0.362-0.64 0-1.278-0.2-1.816-0.602-0.948-0.704-1.428-1.906-1.226-3.090l1.12-6.706-4.75-4.744c-0.844-0.842-1.146-2.102-0.784-3.246 0.364-1.146 1.324-1.98 2.494-2.154l6.57-0.976 2.94-6.1c0.52-1.078 1.592-1.762 2.766-1.762 1.176 0 2.248 0.684 2.766 1.762l2.94 6.1 6.572 0.976c1.162 0.174 2.128 1.008 2.488 2.154 0.364 1.144 0.060 2.404-0.782 3.246l-4.754 4.744 1.124 6.706c0.2 1.184-0.278 2.386-1.226 3.090-0.54 0.404-1.176 0.602-1.818 0.602z",
          "M397.852 232.752c-0.492 0-0.986-0.114-1.438-0.364l-5.876-3.164-5.878 3.164c-0.454 0.248-0.948 0.364-1.434 0.364-0.642 0-1.278-0.202-1.82-0.604-0.948-0.704-1.428-1.906-1.226-3.090l1.122-6.708-4.756-4.746c-0.842-0.842-1.144-2.1-0.78-3.244 0.362-1.146 1.33-1.98 2.492-2.154l6.57-0.976 2.938-6.104c0.52-1.078 1.594-1.76 2.768-1.76s2.246 0.684 2.764 1.76l2.944 6.104 6.568 0.976c1.164 0.176 2.128 1.008 2.492 2.154 0.366 1.144 0.064 2.402-0.78 3.244l-4.758 4.746 1.126 6.708c0.198 1.184-0.282 2.384-1.23 3.090-0.534 0.4-1.172 0.604-1.808 0.604z",
          "M397.852 287.592c-0.492 0-0.986-0.12-1.438-0.362l-5.876-3.166-5.878 3.166c-0.454 0.244-0.948 0.362-1.434 0.362-0.642 0-1.278-0.204-1.82-0.602-0.948-0.71-1.428-1.906-1.226-3.090l1.122-6.708-4.756-4.748c-0.842-0.84-1.144-2.098-0.78-3.244 0.362-1.144 1.33-1.976 2.492-2.15l6.57-0.978 2.938-6.102c0.52-1.078 1.594-1.762 2.768-1.762s2.246 0.686 2.764 1.762l2.944 6.102 6.568 0.978c1.164 0.174 2.128 1.008 2.492 2.15 0.366 1.146 0.064 2.404-0.78 3.244l-4.758 4.748 1.126 6.708c0.198 1.184-0.282 2.38-1.23 3.090-0.534 0.398-1.172 0.602-1.808 0.602z",
          "M397.852 342.432c-0.492 0-0.986-0.118-1.438-0.36l-5.876-3.168-5.878 3.168c-0.454 0.242-0.948 0.36-1.434 0.36-0.642 0-1.278-0.204-1.82-0.602-0.948-0.706-1.428-1.906-1.226-3.092l1.122-6.706-4.756-4.748c-0.842-0.84-1.144-2.098-0.78-3.242 0.362-1.146 1.33-1.98 2.492-2.152l6.57-0.976 2.938-6.106c0.52-1.076 1.594-1.758 2.768-1.758s2.246 0.682 2.764 1.758l2.944 6.106 6.568 0.976c1.164 0.176 2.128 1.008 2.492 2.152 0.366 1.144 0.064 2.402-0.78 3.242l-4.758 4.748 1.126 6.706c0.198 1.186-0.282 2.386-1.23 3.092-0.534 0.398-1.172 0.602-1.808 0.602z",
          "M397.852 397.272c-0.492 0-0.986-0.114-1.438-0.362l-5.876-3.166-5.878 3.166c-0.454 0.246-0.948 0.362-1.434 0.362-0.642 0-1.278-0.2-1.82-0.602-0.948-0.706-1.428-1.908-1.226-3.090l1.122-6.708-4.756-4.746c-0.842-0.838-1.144-2.098-0.78-3.246 0.362-1.144 1.33-1.976 2.492-2.15l6.57-0.974 2.938-6.104c0.52-1.078 1.594-1.764 2.768-1.764s2.246 0.686 2.764 1.764l2.944 6.104 6.568 0.974c1.164 0.176 2.128 1.008 2.492 2.15 0.366 1.146 0.064 2.406-0.78 3.246l-4.758 4.746 1.126 6.708c0.198 1.182-0.282 2.382-1.23 3.090-0.534 0.402-1.172 0.602-1.808 0.602z",
          "M397.852 452.11c-0.492 0-0.986-0.118-1.438-0.362l-5.876-3.164-5.878 3.164c-0.454 0.244-0.948 0.362-1.434 0.362-0.642 0-1.278-0.2-1.82-0.602-0.948-0.704-1.428-1.906-1.226-3.090l1.122-6.706-4.756-4.744c-0.842-0.842-1.144-2.102-0.78-3.246 0.362-1.146 1.33-1.98 2.492-2.154l6.57-0.976 2.938-6.1c0.52-1.078 1.594-1.762 2.768-1.762s2.246 0.684 2.764 1.762l2.944 6.1 6.568 0.976c1.164 0.174 2.128 1.008 2.492 2.154 0.366 1.144 0.064 2.404-0.78 3.246l-4.758 4.744 1.126 6.706c0.198 1.184-0.282 2.386-1.23 3.090-0.534 0.404-1.172 0.602-1.808 0.602z",
          "M0 662.778h65.752v65.014h-65.752v-65.014z",
          "M65.752 828.432v-43.458h-65.752v43.458c0 11.858 9.7 21.558 21.558 21.558h65.752c-11.858-0.002-21.558-9.702-21.558-21.558z"
        ],
        "attrs": [
          {
            "fill": "rgb(255, 247, 238)"
          },
          {
            "fill": "rgb(224, 36, 36)"
          },
          {
            "fill": "rgb(224, 36, 36)"
          },
          {
            "fill": "rgb(224, 36, 36)"
          },
          {
            "fill": "rgb(0, 0, 0)",
            "opacity": 0.1
          },
          {
            "fill": "rgb(224, 36, 36)"
          },
          {
            "fill": "rgb(224, 36, 36)"
          },
          {
            "fill": "rgb(224, 36, 36)"
          },
          {
            "fill": "rgb(8, 83, 164)"
          },
          {
            "fill": "rgb(0, 0, 0)",
            "opacity": 0.1
          },
          {
            "fill": "rgb(255, 255, 255)"
          },
          {
            "fill": "rgb(255, 255, 255)"
          },
          {
            "fill": "rgb(255, 255, 255)"
          },
          {
            "fill": "rgb(255, 255, 255)"
          },
          {
            "fill": "rgb(255, 255, 255)"
          },
          {
            "fill": "rgb(255, 255, 255)"
          },
          {
            "fill": "rgb(255, 255, 255)"
          },
          {
            "fill": "rgb(255, 255, 255)"
          },
          {
            "fill": "rgb(255, 255, 255)"
          },
          {
            "fill": "rgb(255, 255, 255)"
          },
          {
            "fill": "rgb(255, 255, 255)"
          },
          {
            "fill": "rgb(255, 255, 255)"
          },
          {
            "fill": "rgb(255, 255, 255)"
          },
          {
            "fill": "rgb(255, 255, 255)"
          },
          {
            "fill": "rgb(255, 255, 255)"
          },
          {
            "fill": "rgb(255, 255, 255)"
          },
          {
            "fill": "rgb(255, 255, 255)"
          },
          {
            "fill": "rgb(255, 255, 255)"
          },
          {
            "fill": "rgb(255, 255, 255)"
          },
          {
            "fill": "rgb(255, 255, 255)"
          },
          {
            "fill": "rgb(255, 255, 255)"
          },
          {
            "fill": "rgb(255, 255, 255)"
          },
          {
            "fill": "rgb(255, 255, 255)"
          },
          {
            "fill": "rgb(255, 255, 255)"
          },
          {
            "fill": "rgb(255, 255, 255)"
          },
          {
            "fill": "rgb(255, 255, 255)"
          },
          {
            "fill": "rgb(255, 255, 255)"
          },
          {
            "fill": "rgb(255, 255, 255)"
          },
          {
            "fill": "rgb(255, 255, 255)"
          },
          {
            "fill": "rgb(255, 255, 255)"
          },
          {
            "fill": "rgb(255, 255, 255)"
          },
          {
            "fill": "rgb(255, 255, 255)"
          },
          {
            "fill": "rgb(255, 255, 255)"
          },
          {
            "fill": "rgb(255, 255, 255)"
          },
          {
            "fill": "rgb(255, 255, 255)"
          },
          {
            "fill": "rgb(255, 255, 255)"
          },
          {
            "fill": "rgb(255, 255, 255)"
          },
          {
            "fill": "rgb(255, 255, 255)"
          },
          {
            "fill": "rgb(255, 255, 255)"
          },
          {
            "fill": "rgb(255, 255, 255)"
          },
          {
            "fill": "rgb(255, 255, 255)"
          },
          {
            "fill": "rgb(255, 255, 255)"
          },
          {
            "fill": "rgb(255, 255, 255)"
          },
          {
            "fill": "rgb(255, 255, 255)"
          },
          {
            "fill": "rgb(255, 255, 255)"
          },
          {
            "fill": "rgb(255, 255, 255)"
          },
          {
            "fill": "rgb(255, 255, 255)"
          },
          {
            "fill": "rgb(255, 255, 255)"
          },
          {
            "fill": "rgb(255, 255, 255)"
          },
          {
            "fill": "rgb(255, 255, 255)"
          },
          {
            "fill": "rgb(0, 0, 0)",
            "opacity": 0.1
          },
          {
            "fill": "rgb(0, 0, 0)",
            "opacity": 0.1
          }
        ],
        "isMulticolor": true,
        "isMulticolor2": true,
        "grid": 0,
        "tags": [
          "Flag_of_the_United_State"
        ]
      },
      "attrs": [
        {
          "fill": "rgb(255, 247, 238)"
        },
        {
          "fill": "rgb(224, 36, 36)"
        },
        {
          "fill": "rgb(224, 36, 36)"
        },
        {
          "fill": "rgb(224, 36, 36)"
        },
        {
          "fill": "rgb(0, 0, 0)",
          "opacity": 0.1
        },
        {
          "fill": "rgb(224, 36, 36)"
        },
        {
          "fill": "rgb(224, 36, 36)"
        },
        {
          "fill": "rgb(224, 36, 36)"
        },
        {
          "fill": "rgb(8, 83, 164)"
        },
        {
          "fill": "rgb(0, 0, 0)",
          "opacity": 0.1
        },
        {
          "fill": "rgb(255, 255, 255)"
        },
        {
          "fill": "rgb(255, 255, 255)"
        },
        {
          "fill": "rgb(255, 255, 255)"
        },
        {
          "fill": "rgb(255, 255, 255)"
        },
        {
          "fill": "rgb(255, 255, 255)"
        },
        {
          "fill": "rgb(255, 255, 255)"
        },
        {
          "fill": "rgb(255, 255, 255)"
        },
        {
          "fill": "rgb(255, 255, 255)"
        },
        {
          "fill": "rgb(255, 255, 255)"
        },
        {
          "fill": "rgb(255, 255, 255)"
        },
        {
          "fill": "rgb(255, 255, 255)"
        },
        {
          "fill": "rgb(255, 255, 255)"
        },
        {
          "fill": "rgb(255, 255, 255)"
        },
        {
          "fill": "rgb(255, 255, 255)"
        },
        {
          "fill": "rgb(255, 255, 255)"
        },
        {
          "fill": "rgb(255, 255, 255)"
        },
        {
          "fill": "rgb(255, 255, 255)"
        },
        {
          "fill": "rgb(255, 255, 255)"
        },
        {
          "fill": "rgb(255, 255, 255)"
        },
        {
          "fill": "rgb(255, 255, 255)"
        },
        {
          "fill": "rgb(255, 255, 255)"
        },
        {
          "fill": "rgb(255, 255, 255)"
        },
        {
          "fill": "rgb(255, 255, 255)"
        },
        {
          "fill": "rgb(255, 255, 255)"
        },
        {
          "fill": "rgb(255, 255, 255)"
        },
        {
          "fill": "rgb(255, 255, 255)"
        },
        {
          "fill": "rgb(255, 255, 255)"
        },
        {
          "fill": "rgb(255, 255, 255)"
        },
        {
          "fill": "rgb(255, 255, 255)"
        },
        {
          "fill": "rgb(255, 255, 255)"
        },
        {
          "fill": "rgb(255, 255, 255)"
        },
        {
          "fill": "rgb(255, 255, 255)"
        },
        {
          "fill": "rgb(255, 255, 255)"
        },
        {
          "fill": "rgb(255, 255, 255)"
        },
        {
          "fill": "rgb(255, 255, 255)"
        },
        {
          "fill": "rgb(255, 255, 255)"
        },
        {
          "fill": "rgb(255, 255, 255)"
        },
        {
          "fill": "rgb(255, 255, 255)"
        },
        {
          "fill": "rgb(255, 255, 255)"
        },
        {
          "fill": "rgb(255, 255, 255)"
        },
        {
          "fill": "rgb(255, 255, 255)"
        },
        {
          "fill": "rgb(255, 255, 255)"
        },
        {
          "fill": "rgb(255, 255, 255)"
        },
        {
          "fill": "rgb(255, 255, 255)"
        },
        {
          "fill": "rgb(255, 255, 255)"
        },
        {
          "fill": "rgb(255, 255, 255)"
        },
        {
          "fill": "rgb(255, 255, 255)"
        },
        {
          "fill": "rgb(255, 255, 255)"
        },
        {
          "fill": "rgb(255, 255, 255)"
        },
        {
          "fill": "rgb(255, 255, 255)"
        },
        {
          "fill": "rgb(0, 0, 0)",
          "opacity": 0.1
        },
        {
          "fill": "rgb(0, 0, 0)",
          "opacity": 0.1
        }
      ],
      "properties": {
        "order": 59,
        "id": 3,
        "name": "Flag_of_the_United_State",
        "prevSize": 32
      },
      "setIdx": 0,
      "setId": 5,
      "iconIdx": 7
    },
    {
      "icon": {
        "paths": [
          "M0 170.674h1024v682.652h-1024v-682.652z",
          "M494.426 433.574l35.188 48.492 56.986-18.478-35.242 48.448 35.184 48.488-56.968-18.548-35.242 48.45 0.036-59.91-56.968-18.55 56.988-18.478z",
          "M398.404 633.204c-66.938 0-121.204-54.266-121.204-121.204s54.266-121.204 121.204-121.204c20.872 0 40.508 5.278 57.654 14.568-26.896-26.304-63.68-42.538-104.27-42.538-82.386 0-149.172 66.788-149.172 149.172s66.788 149.172 149.172 149.172c40.59 0 77.374-16.234 104.27-42.538-17.144 9.294-36.782 14.572-57.654 14.572z"
        ],
        "attrs": [
          {
            "fill": "rgb(216, 0, 39)"
          },
          {
            "fill": "rgb(240, 240, 240)"
          },
          {
            "fill": "rgb(240, 240, 240)"
          }
        ],
        "isMulticolor": true,
        "isMulticolor2": false,
        "grid": 0,
        "tags": [
          "Flag_of_Turkey"
        ]
      },
      "attrs": [
        {
          "fill": "rgb(216, 0, 39)"
        },
        {
          "fill": "rgb(240, 240, 240)"
        },
        {
          "fill": "rgb(240, 240, 240)"
        }
      ],
      "properties": {
        "order": 60,
        "id": 2,
        "name": "Flag_of_Turkey",
        "prevSize": 32
      },
      "setIdx": 0,
      "setId": 5,
      "iconIdx": 8
    },
    {
      "icon": {
        "paths": [
          "M0 170.674h1024v682.652h-1024v-682.652z",
          "M0 170.674h1024v341.326h-1024v-341.326z"
        ],
        "attrs": [
          {
            "fill": "rgb(255, 218, 68)"
          },
          {
            "fill": "rgb(51, 138, 243)"
          }
        ],
        "isMulticolor": true,
        "isMulticolor2": false,
        "grid": 0,
        "tags": [
          "Flag_of_Ukraine"
        ]
      },
      "attrs": [
        {
          "fill": "rgb(255, 218, 68)"
        },
        {
          "fill": "rgb(51, 138, 243)"
        }
      ],
      "properties": {
        "order": 61,
        "id": 1,
        "name": "Flag_of_Ukraine",
        "prevSize": 32
      },
      "setIdx": 0,
      "setId": 5,
      "iconIdx": 9
    },
    {
      "icon": {
        "paths": [
          "M1023.998 400.185h-1023.998v-205.978c0-9.75 7.906-17.656 17.656-17.656h988.688c9.75 0 17.656 7.906 17.656 17.656l-0.002 205.978z",
          "M1006.342 847.448h-988.686c-9.75 0-17.656-7.906-17.656-17.656v-205.976h1023.998v205.976c0 9.752-7.906 17.656-17.656 17.656z",
          "M0 400.181h1023.998v223.62h-1023.998v-223.62z",
          "M0 380.321h1023.998v27.884h-1023.998v-27.884z",
          "M0 615.781h1023.998v27.884h-1023.998v-27.884z",
          "M226.982 344.143c-36.144 0-65.442-29.228-65.442-65.242 0-36.146 29.296-65.506 65.442-65.506 0.14 0 0.276 0 0.412 0.002 2.128 0.028 2.874-2.798 0.998-3.804-11.13-5.966-23.832-9.342-37.336-9.244-43.248 0.308-78.378 36.146-77.918 79.394 0.452 42.802 35.444 77.448 78.484 77.448 13.318 0 25.842-3.37 36.834-9.254 1.87-1.002 1.114-3.828-1.006-3.798-0.16 0.004-0.314 0.004-0.468 0.004z",
          "M278.225 326.101l-2.922 8.764-9.238 0.070c-1.196 0.008-1.692 1.536-0.73 2.246l7.432 5.488-2.788 8.808c-0.36 1.14 0.938 2.084 1.912 1.388l7.516-5.372 7.516 5.372c0.974 0.696 2.27-0.248 1.912-1.388l-2.788-8.808 7.43-5.488c0.962-0.71 0.466-2.238-0.73-2.246l-9.238-0.070-2.922-8.764c-0.378-1.134-1.982-1.134-2.362 0z",
          "M343.311 326.101l-2.922 8.764-9.238 0.070c-1.196 0.008-1.692 1.536-0.73 2.246l7.43 5.488-2.788 8.808c-0.36 1.14 0.938 2.084 1.912 1.388l7.516-5.372 7.516 5.372c0.974 0.696 2.27-0.248 1.912-1.388l-2.788-8.808 7.43-5.488c0.962-0.71 0.466-2.238-0.73-2.246l-9.238-0.070-2.922-8.764c-0.378-1.134-1.984-1.134-2.36 0z",
          "M343.311 265.357l-2.922 8.764-9.238 0.070c-1.196 0.008-1.692 1.536-0.73 2.246l7.43 5.488-2.788 8.808c-0.36 1.14 0.938 2.084 1.912 1.388l7.516-5.372 7.516 5.372c0.974 0.696 2.27-0.248 1.912-1.388l-2.788-8.808 7.43-5.488c0.962-0.71 0.466-2.238-0.73-2.246l-9.238-0.070-2.922-8.764c-0.378-1.138-1.984-1.138-2.36 0z",
          "M408.395 265.357l-2.922 8.764-9.238 0.070c-1.196 0.008-1.692 1.536-0.73 2.246l7.432 5.488-2.788 8.808c-0.36 1.14 0.938 2.084 1.912 1.388l7.516-5.372 7.516 5.372c0.974 0.696 2.27-0.248 1.912-1.388l-2.788-8.808 7.43-5.488c0.962-0.71 0.466-2.238-0.73-2.246l-9.238-0.070-2.922-8.764c-0.378-1.138-1.984-1.138-2.362 0z",
          "M473.479 265.357l-2.922 8.764-9.238 0.070c-1.196 0.008-1.692 1.536-0.73 2.246l7.43 5.488-2.788 8.808c-0.36 1.14 0.938 2.084 1.912 1.388l7.516-5.372 7.516 5.372c0.974 0.696 2.27-0.248 1.912-1.388l-2.788-8.808 7.43-5.488c0.962-0.71 0.466-2.238-0.73-2.246l-9.238-0.070-2.922-8.764c-0.376-1.138-1.982-1.138-2.36 0z",
          "M538.565 265.357l-2.922 8.764-9.238 0.070c-1.196 0.008-1.692 1.536-0.73 2.246l7.432 5.488-2.788 8.808c-0.36 1.14 0.938 2.084 1.912 1.388l7.516-5.372 7.516 5.372c0.974 0.696 2.27-0.248 1.912-1.388l-2.788-8.808 7.432-5.488c0.962-0.71 0.466-2.238-0.73-2.246l-9.238-0.070-2.922-8.764c-0.382-1.138-1.986-1.138-2.364 0z",
          "M408.395 326.101l-2.922 8.764-9.238 0.070c-1.196 0.008-1.692 1.536-0.73 2.246l7.432 5.488-2.788 8.808c-0.36 1.14 0.938 2.084 1.912 1.388l7.516-5.372 7.516 5.372c0.974 0.696 2.27-0.248 1.912-1.388l-2.788-8.808 7.43-5.488c0.962-0.71 0.466-2.238-0.73-2.246l-9.238-0.070-2.922-8.764c-0.378-1.134-1.984-1.134-2.362 0z",
          "M408.395 204.61l-2.922 8.764-9.238 0.070c-1.196 0.008-1.692 1.536-0.73 2.246l7.432 5.488-2.788 8.808c-0.36 1.14 0.938 2.084 1.912 1.388l7.516-5.372 7.516 5.372c0.974 0.696 2.27-0.248 1.912-1.388l-2.788-8.808 7.43-5.488c0.962-0.71 0.466-2.238-0.73-2.246l-9.238-0.070-2.922-8.764c-0.378-1.134-1.984-1.134-2.362 0z",
          "M473.479 326.101l-2.922 8.764-9.238 0.070c-1.196 0.008-1.692 1.536-0.73 2.246l7.43 5.488-2.788 8.808c-0.36 1.14 0.938 2.084 1.912 1.388l7.516-5.372 7.516 5.372c0.974 0.696 2.27-0.248 1.912-1.388l-2.788-8.808 7.43-5.488c0.962-0.71 0.466-2.238-0.73-2.246l-9.238-0.070-2.922-8.764c-0.376-1.134-1.982-1.134-2.36 0z",
          "M538.565 326.101l-2.922 8.764-9.238 0.070c-1.196 0.008-1.692 1.536-0.73 2.246l7.432 5.488-2.788 8.808c-0.36 1.14 0.938 2.084 1.912 1.388l7.516-5.372 7.516 5.372c0.974 0.696 2.27-0.248 1.912-1.388l-2.788-8.808 7.432-5.488c0.962-0.71 0.466-2.238-0.73-2.246l-9.238-0.070-2.922-8.764c-0.382-1.134-1.986-1.134-2.364 0z",
          "M473.479 204.61l-2.922 8.764-9.238 0.070c-1.196 0.008-1.692 1.536-0.73 2.246l7.43 5.488-2.788 8.808c-0.36 1.14 0.938 2.084 1.912 1.388l7.516-5.372 7.516 5.372c0.974 0.696 2.27-0.248 1.912-1.388l-2.788-8.808 7.43-5.488c0.962-0.71 0.466-2.238-0.73-2.246l-9.238-0.070-2.922-8.764c-0.376-1.134-1.982-1.134-2.36 0z",
          "M538.565 204.61l-2.922 8.764-9.238 0.070c-1.196 0.008-1.692 1.536-0.73 2.246l7.432 5.488-2.788 8.808c-0.36 1.14 0.938 2.084 1.912 1.388l7.516-5.372 7.516 5.372c0.974 0.696 2.27-0.248 1.912-1.388l-2.788-8.808 7.432-5.488c0.962-0.71 0.466-2.238-0.73-2.246l-9.238-0.070-2.922-8.764c-0.382-1.134-1.986-1.134-2.364 0z"
        ],
        "attrs": [
          {
            "fill": "rgb(130, 175, 255)"
          },
          {
            "fill": "rgb(115, 175, 0)"
          },
          {
            "fill": "rgb(245, 245, 245)"
          },
          {
            "fill": "rgb(255, 75, 85)"
          },
          {
            "fill": "rgb(255, 75, 85)"
          },
          {
            "fill": "rgb(245, 245, 245)"
          },
          {
            "fill": "rgb(245, 245, 245)"
          },
          {
            "fill": "rgb(245, 245, 245)"
          },
          {
            "fill": "rgb(245, 245, 245)"
          },
          {
            "fill": "rgb(245, 245, 245)"
          },
          {
            "fill": "rgb(245, 245, 245)"
          },
          {
            "fill": "rgb(245, 245, 245)"
          },
          {
            "fill": "rgb(245, 245, 245)"
          },
          {
            "fill": "rgb(245, 245, 245)"
          },
          {
            "fill": "rgb(245, 245, 245)"
          },
          {
            "fill": "rgb(245, 245, 245)"
          },
          {
            "fill": "rgb(245, 245, 245)"
          },
          {
            "fill": "rgb(245, 245, 245)"
          }
        ],
        "isMulticolor": true,
        "isMulticolor2": false,
        "grid": 0,
        "tags": [
          "Flag_of_Uzbekistan"
        ]
      },
      "attrs": [
        {
          "fill": "rgb(130, 175, 255)"
        },
        {
          "fill": "rgb(115, 175, 0)"
        },
        {
          "fill": "rgb(245, 245, 245)"
        },
        {
          "fill": "rgb(255, 75, 85)"
        },
        {
          "fill": "rgb(255, 75, 85)"
        },
        {
          "fill": "rgb(245, 245, 245)"
        },
        {
          "fill": "rgb(245, 245, 245)"
        },
        {
          "fill": "rgb(245, 245, 245)"
        },
        {
          "fill": "rgb(245, 245, 245)"
        },
        {
          "fill": "rgb(245, 245, 245)"
        },
        {
          "fill": "rgb(245, 245, 245)"
        },
        {
          "fill": "rgb(245, 245, 245)"
        },
        {
          "fill": "rgb(245, 245, 245)"
        },
        {
          "fill": "rgb(245, 245, 245)"
        },
        {
          "fill": "rgb(245, 245, 245)"
        },
        {
          "fill": "rgb(245, 245, 245)"
        },
        {
          "fill": "rgb(245, 245, 245)"
        },
        {
          "fill": "rgb(245, 245, 245)"
        }
      ],
      "properties": {
        "order": 62,
        "id": 0,
        "name": "Flag_of_Uzbekistan",
        "prevSize": 32
      },
      "setIdx": 0,
      "setId": 5,
      "iconIdx": 10
    }
  ],
  "height": 1024,
  "preferences": {
    "showGlyphs": true,
    "showQuickUse": true,
    "showQuickUse2": false,
    "showSVGs": true,
    "fontPref": {
      "prefix": "icon-",
      "metadata": {
        "fontFamily": "icomoon"
      },
      "metrics": {
        "emSize": 1024,
        "baseline": 6.25,
        "whitespace": 50
      },
      "embed": false
    },
    "imagePref": {
      "prefix": "",
      "png": false,
      "useClassSelector": true,
      "color": 0,
      "bgColor": 16777215,
      "classSelector": ".icon",
      "name": "icon_svg",
      "height": 32,
      "columns": 16,
      "margin": 16,
      "autoHost": true
    },
    "historySize": 50,
    "showCodes": true,
    "gridSize": 16,
    "quickUsageToken": {
      "UntitledProject": "MWJmNjcyN2NlNmEwOTU2YTI1NjkwN2Q1NjU2MDQ0NGIjMSMxNTgyNDU4MDg0IyMj"
    }
  }
}